seq,tx_ns,rx_ns,e2e_ns,secoc_auth_ns,secoc_verify_ns,cantp_ns,bus_ns,pdu_bytes,auth_bytes,fragments,signal_id,bus_id,asil,deadline_class,outcome,attack_kind,protected_mode
1,1023328,2209270,1185942,1184325,0,125,928,34,16,1,4,0,3,2,0,0,1
0,0,2965564,2965564,0,5828,0,0,34,0,0,4,0,3,2,0,0,1
2,2967512,2972642,5130,2080,0,123,2637,34,16,1,4,0,3,2,0,0,1
0,0,3692358,3692358,0,3950,0,0,34,0,0,4,0,3,2,0,0,1
3,3694053,3698056,4003,1980,0,97,1697,34,16,1,4,0,3,2,0,0,1
0,0,4416290,4416290,0,3900,0,0,34,0,0,4,0,3,2,0,0,1
4,4417868,4422028,4160,2014,0,89,1825,34,16,1,4,0,3,2,0,0,1
0,0,5137446,5137446,0,3579,0,0,34,0,0,4,0,3,2,0,0,1
5,5139003,5143129,4126,2131,0,106,1627,34,16,1,4,0,3,2,0,0,1
0,0,5857755,5857755,0,3816,0,0,34,0,0,4,0,3,2,0,0,1
6,5859310,5863613,4303,2037,0,88,1932,34,16,1,4,0,3,2,0,0,1
0,0,6580590,6580590,0,3699,0,0,34,0,0,4,0,3,2,0,0,1
7,6582218,6586359,4141,2158,0,110,1619,34,16,1,4,0,3,2,0,0,1
0,0,7303375,7303375,0,3464,0,0,34,0,0,4,0,3,2,0,0,1
8,7304998,7309215,4217,2034,0,122,1803,34,16,1,4,0,3,2,0,0,1
0,0,8031804,8031804,0,3653,0,0,34,0,0,4,0,3,2,0,0,1
9,8033221,8036980,3759,1812,0,93,1622,34,16,1,4,0,3,2,0,0,1
0,0,8770326,8770326,0,3523,0,0,34,0,0,4,0,3,2,0,0,1
10,8771813,8775907,4094,1939,0,86,1817,34,16,1,4,0,3,2,0,0,1
0,0,9490830,9490830,0,3607,0,0,34,0,0,4,0,3,2,0,0,1
11,9492344,9496453,4109,2148,0,94,1601,34,16,1,4,0,3,2,0,0,1
0,0,10214649,10214649,0,3810,0,0,34,0,0,4,0,3,2,0,0,1
12,10216127,10220624,4497,2005,0,87,2131,34,16,1,4,0,3,2,0,0,1
0,0,11024546,11024546,0,21999,0,0,34,0,0,4,0,3,2,0,0,1
13,11029427,11041920,12493,3124,0,116,8715,34,16,1,4,0,3,2,0,0,1
0,0,11803161,11803161,0,8561,0,0,34,0,0,4,0,3,2,0,0,1
14,11806195,11816029,9834,2986,0,134,6307,34,16,1,4,0,3,2,0,0,1
0,0,12578216,12578216,0,8955,0,0,34,0,0,4,0,3,2,0,0,1
15,12580459,12585954,5495,2138,0,99,2938,34,16,1,4,0,3,2,0,0,1
0,0,13302816,13302816,0,3479,0,0,34,0,0,4,0,3,2,0,0,1
16,13304362,13308382,4020,2014,0,89,1672,34,16,1,4,0,3,2,0,0,1
0,0,14041402,14041402,0,3807,0,0,34,0,0,4,0,3,2,0,0,1
17,14042985,14047410,4425,2102,0,119,1945,34,16,1,4,0,3,2,0,0,1
0,0,14772156,14772156,0,3714,0,0,34,0,0,4,0,3,2,0,0,1
18,14773721,14778015,4294,2062,0,109,1875,34,16,1,4,0,3,2,0,0,1
0,0,15502601,15502601,0,4043,0,0,34,0,0,4,0,3,2,0,0,1
19,15504224,15508425,4201,2036,0,119,1796,34,16,1,4,0,3,2,0,0,1
0,0,16226225,16226225,0,3449,0,0,34,0,0,4,0,3,2,0,0,1
20,16227757,16231725,3968,1963,0,92,1659,34,16,1,4,0,3,2,0,0,1
0,0,16946477,16946477,0,3378,0,0,34,0,0,4,0,3,2,0,0,1
21,16948028,16952010,3982,2072,0,103,1547,34,16,1,4,0,3,2,0,0,1
0,0,17667485,17667485,0,3500,0,0,34,0,0,4,0,3,2,0,0,1
22,17668980,17673013,4033,1934,0,127,1712,34,16,1,4,0,3,2,0,0,1
0,0,18485879,18485879,0,16388,0,0,34,0,0,4,0,3,2,0,0,1
23,18489676,18510985,21309,2205,0,99,18608,34,16,1,4,0,3,2,0,0,1
0,0,19282898,19282898,0,7328,0,0,34,0,0,4,0,3,2,0,0,1
24,19285199,19292178,6979,2067,0,87,4495,34,16,1,4,0,3,2,0,0,1
0,0,20053919,20053919,0,6938,0,0,34,0,0,4,0,3,2,0,0,1
25,20056229,20061613,5384,2185,0,76,2868,34,16,1,4,0,3,2,0,0,1
0,0,20795067,20795067,0,3550,0,0,34,0,0,4,0,3,2,0,0,1
26,20796598,20800890,4292,1978,0,113,1932,34,16,1,4,0,3,2,0,0,1
0,0,21529338,21529338,0,3534,0,0,34,0,0,4,0,3,2,0,0,1
27,21530867,21535177,4310,2053,0,95,1909,34,16,1,4,0,3,2,0,0,1
0,0,22270714,22270714,0,3444,0,0,34,0,0,4,0,3,2,0,0,1
28,22272175,22276212,4037,1953,0,128,1705,34,16,1,4,0,3,2,0,0,1
0,0,23003954,23003954,0,3665,0,0,34,0,0,4,0,3,2,0,0,1
29,23005407,23009451,4044,2069,0,99,1631,34,16,1,4,0,3,2,0,0,1
0,0,23738278,23738278,0,3714,0,0,34,0,0,4,0,3,2,0,0,1
30,23739761,23743948,4187,2035,0,117,1779,34,16,1,4,0,3,2,0,0,1
0,0,24472325,24472325,0,3460,0,0,34,0,0,4,0,3,2,0,0,1
31,24473736,24478109,4373,2106,0,101,1885,34,16,1,4,0,3,2,0,0,1
0,0,25217638,25217638,0,3615,0,0,34,0,0,4,0,3,2,0,0,1
32,25219046,25223152,4106,1950,0,102,1775,34,16,1,4,0,3,2,0,0,1
0,0,25957020,25957020,0,3532,0,0,34,0,0,4,0,3,2,0,0,1
33,25958420,25962850,4430,2179,0,119,1874,34,16,1,4,0,3,2,0,0,1
0,0,26693742,26693742,0,3899,0,0,34,0,0,4,0,3,2,0,0,1
34,26695292,26699534,4242,2029,0,128,1831,34,16,1,4,0,3,2,0,0,1
0,0,27430290,27430290,0,3522,0,0,34,0,0,4,0,3,2,0,0,1
35,27448049,27452522,4473,2299,0,100,1805,34,16,1,4,0,3,2,0,0,1
0,0,28202098,28202098,0,3617,0,0,34,0,0,4,0,3,2,0,0,1
36,28203602,28207926,4324,2042,0,91,1950,34,16,1,4,0,3,2,0,0,1
0,0,28949453,28949453,0,4675,0,0,34,0,0,4,0,3,2,0,0,1
37,28951223,28956072,4849,2006,0,81,2476,34,16,1,4,0,3,2,0,0,1
0,0,29687688,29687688,0,3974,0,0,34,0,0,4,0,3,2,0,0,1
38,29689217,29693649,4432,2063,0,114,1978,34,16,1,4,0,3,2,0,0,1
0,0,30425418,30425418,0,3546,0,0,34,0,0,4,0,3,2,0,0,1
39,30427004,30431175,4171,1965,0,94,1858,34,16,1,4,0,3,2,0,0,1
0,0,31161632,31161632,0,3416,0,0,34,0,0,4,0,3,2,0,0,1
40,31163183,31179772,16589,1998,0,90,14232,34,16,1,4,0,3,2,0,0,1
0,0,31922520,31922520,0,5210,0,0,34,0,0,4,0,3,2,0,0,1
41,31924317,31929120,4803,2006,0,110,2443,34,16,1,4,0,3,2,0,0,1
0,0,32660448,32660448,0,4375,0,0,34,0,0,4,0,3,2,0,0,1
42,32662145,32666900,4755,2075,0,86,2338,34,16,1,4,0,3,2,0,0,1
0,0,33483032,33483032,0,16454,0,0,34,0,0,4,0,3,2,0,0,1
43,33487666,33499769,12103,3045,0,109,8518,34,16,1,4,0,3,2,0,0,1
0,0,34266389,34266389,0,5950,0,0,34,0,0,4,0,3,2,0,0,1
44,34268773,34276268,7495,2788,0,120,4221,34,16,1,4,0,3,2,0,0,1
0,0,35036631,35036631,0,5961,0,0,34,0,0,4,0,3,2,0,0,1
45,35038775,35043601,4826,1934,0,84,2571,34,16,1,4,0,3,2,0,0,1
0,0,35787919,35787919,0,3583,0,0,34,0,0,4,0,3,2,0,0,1
46,35789498,35793736,4238,2009,0,109,1875,34,16,1,4,0,3,2,0,0,1
0,0,36522498,36522498,0,3295,0,0,34,0,0,4,0,3,2,0,0,1
47,36524006,36528186,4180,1960,0,93,1885,34,16,1,4,0,3,2,0,0,1
0,0,37256842,37256842,0,3319,0,0,34,0,0,4,0,3,2,0,0,1
48,37258325,37262598,4273,2006,0,88,1911,34,16,1,4,0,3,2,0,0,1
0,0,38008989,38008989,0,3797,0,0,34,0,0,4,0,3,2,0,0,1
49,38010513,38014775,4262,2082,0,93,1837,34,16,1,4,0,3,2,0,0,1
0,0,38746528,38746528,0,4113,0,0,34,0,0,4,0,3,2,0,0,1
50,38748219,38752926,4707,1983,0,108,2365,34,16,1,4,0,3,2,0,0,1
0,0,39482472,39482472,0,3594,0,0,34,0,0,4,0,3,2,0,0,1
51,39483973,39488200,4227,2015,0,97,1853,34,16,1,4,0,3,2,0,0,1
0,0,40221996,40221996,0,3319,0,0,34,0,0,4,0,3,2,0,0,1
52,40223434,40227641,4207,2050,0,128,1756,34,16,1,4,0,3,2,0,0,1
0,0,40959281,40959281,0,3291,0,0,34,0,0,4,0,3,2,0,0,1
53,40960712,40967490,6778,1998,0,105,4416,34,16,1,4,0,3,2,0,0,1
0,0,41705263,41705263,0,4978,0,0,34,0,0,4,0,3,2,0,0,1
54,41707121,41713161,6040,2346,0,123,3264,34,16,1,4,0,3,2,0,0,1
0,0,42445890,42445890,0,3436,0,0,34,0,0,4,0,3,2,0,0,1
55,42447284,42451515,4231,2036,0,99,1858,34,16,1,4,0,3,2,0,0,1
0,0,43208049,43208049,0,3475,0,0,34,0,0,4,0,3,2,0,0,1
56,43209453,43213633,4180,1989,0,102,1827,34,16,1,4,0,3,2,0,0,1
0,0,43945822,43945822,0,3833,0,0,34,0,0,4,0,3,2,0,0,1
57,43947221,43951518,4297,1995,0,95,1935,34,16,1,4,0,3,2,0,0,1
0,0,44774340,44774340,0,14215,0,0,34,0,0,4,0,3,2,0,0,1
58,44777990,44787933,9943,2074,0,100,7369,34,16,1,4,0,3,2,0,0,1
0,0,45554819,45554819,0,7789,0,0,34,0,0,4,0,3,2,0,0,1
59,45557260,45564432,7172,1975,0,110,4741,34,16,1,4,0,3,2,0,0,1
0,0,46392994,46392994,0,15625,0,0,34,0,0,4,0,3,2,0,0,1
60,46396734,46406781,10047,2096,0,88,7489,34,16,1,4,0,3,2,0,0,1
0,0,47161416,47161416,0,4587,0,0,34,0,0,4,0,3,2,0,0,1
61,47163232,47188837,25605,1813,0,124,23398,34,16,1,4,0,3,2,0,0,1
0,0,47930864,47930864,0,5103,0,0,34,0,0,4,0,3,2,0,0,1
62,47932807,47938197,5390,1988,0,120,3067,34,16,1,4,0,3,2,0,0,1
0,0,48673283,48673283,0,4600,0,0,34,0,0,4,0,3,2,0,0,1
63,48675063,48679696,4633,2001,0,116,2263,34,16,1,4,0,3,2,0,0,1
0,0,49406933,49406933,0,3600,0,0,34,0,0,4,0,3,2,0,0,1
64,49408458,49412520,4062,2086,0,78,1663,34,16,1,4,0,3,2,0,0,1
0,0,50160908,50160908,0,5509,0,0,34,0,0,4,0,3,2,0,0,1
65,50162684,50188928,26244,1917,0,99,23987,34,16,1,4,0,3,2,0,0,1
0,0,50932920,50932920,0,4136,0,0,34,0,0,4,0,3,2,0,0,1
66,50934472,50938927,4455,1957,0,93,2145,34,16,1,4,0,3,2,0,0,1
0,0,51747609,51747609,0,14688,0,0,34,0,0,4,0,3,2,0,0,1
67,51751152,51765071,13919,2048,0,100,11383,34,16,1,4,0,3,2,0,0,1
0,0,52516735,52516735,0,3585,0,0,34,0,0,4,0,3,2,0,0,1
68,52518267,52522743,4476,1818,0,89,2301,34,16,1,4,0,3,2,0,0,1
0,0,53265058,53265058,0,3507,0,0,34,0,0,4,0,3,2,0,0,1
69,53266546,53270396,3850,1799,0,110,1725,34,16,1,4,0,3,2,0,0,1
0,0,54016648,54016648,0,3492,0,0,34,0,0,4,0,3,2,0,0,1
70,54018263,54022542,4279,2017,0,117,1907,34,16,1,4,0,3,2,0,0,1
0,0,54814755,54814755,0,14474,0,0,34,0,0,4,0,3,2,0,0,1
71,54818287,54828009,9722,2064,0,105,7195,34,16,1,4,0,3,2,0,0,1
0,0,55571058,55571058,0,6776,0,0,34,0,0,4,0,3,2,0,0,1
72,55573266,55580084,6818,1952,0,109,4418,34,16,1,4,0,3,2,0,0,1
0,0,56380346,56380346,0,14464,0,0,34,0,0,4,0,3,2,0,0,1
73,56384619,56397052,12433,3246,0,121,8624,34,16,1,4,0,3,2,0,0,1
0,0,57125052,57125052,0,4717,0,0,34,0,0,4,0,3,2,0,0,1
74,57126807,57131912,5105,1795,0,112,2927,34,16,1,4,0,3,2,0,0,1
0,0,57813457,57813457,0,7068,0,0,34,0,0,4,0,3,2,0,0,1
75,57815703,57822064,6361,2093,0,89,3902,34,16,1,4,0,3,2,0,0,1
0,0,58713428,58713428,0,13777,0,0,34,0,0,4,0,3,2,0,0,1
76,58716960,58726725,9765,2067,0,100,7210,34,16,1,4,0,3,2,0,0,1
0,0,59577966,59577966,0,13767,0,0,34,0,0,4,0,3,2,0,0,1
77,59581335,59590469,9134,2001,0,89,6668,34,16,1,4,0,3,2,0,0,1
0,0,60360081,60360081,0,6083,0,0,34,0,0,4,0,3,2,0,0,1
78,60361984,60368048,6064,1869,0,103,3829,34,16,1,4,0,3,2,0,0,1
0,0,61209172,61209172,0,44321,0,0,34,0,0,4,0,3,2,0,0,1
79,61212992,61222615,9623,2046,0,103,7097,34,16,1,4,0,3,2,0,0,1
0,0,61974419,61974419,0,4004,0,0,34,0,0,4,0,3,2,0,0,1
80,61976024,61980513,4489,1832,0,89,2269,34,16,1,4,0,3,2,0,0,1
0,0,62718883,62718883,0,3436,0,0,34,0,0,4,0,3,2,0,0,1
81,62720412,62724587,4175,1972,0,82,1876,34,16,1,4,0,3,2,0,0,1
0,0,63464140,63464140,0,3508,0,0,34,0,0,4,0,3,2,0,0,1
82,63465692,63469958,4266,2001,0,80,1947,34,16,1,4,0,3,2,0,0,1
0,0,64217055,64217055,0,3502,0,0,34,0,0,4,0,3,2,0,0,1
83,64218594,64226840,8246,2014,0,90,5897,34,16,1,4,0,3,2,0,0,1
0,0,64965965,64965965,0,3488,0,0,34,0,0,4,0,3,2,0,0,1
84,64967465,64971477,4012,1985,0,117,1672,34,16,1,4,0,3,2,0,0,1
0,0,65708192,65708192,0,3489,0,0,34,0,0,4,0,3,2,0,0,1
85,65709754,65714317,4563,2018,0,89,2206,34,16,1,4,0,3,2,0,0,1
0,0,66453047,66453047,0,3490,0,0,34,0,0,4,0,3,2,0,0,1
86,66454519,66458848,4329,2022,0,92,1941,34,16,1,4,0,3,2,0,0,1
0,0,67210015,67210015,0,4217,0,0,34,0,0,4,0,3,2,0,0,1
87,67211639,67215954,4315,2000,0,99,1958,34,16,1,4,0,3,2,0,0,1
0,0,67955564,67955564,0,3502,0,0,34,0,0,4,0,3,2,0,0,1
88,67957081,67961212,4131,2043,0,116,1704,34,16,1,4,0,3,2,0,0,1
0,0,68700284,68700284,0,3443,0,0,34,0,0,4,0,3,2,0,0,1
89,68701810,68705884,4074,2016,0,96,1717,34,16,1,4,0,3,2,0,0,1
0,0,69442512,69442512,0,3418,0,0,34,0,0,4,0,3,2,0,0,1
90,69443959,69448015,4056,1944,0,98,1759,34,16,1,4,0,3,2,0,0,1
0,0,70207143,70207143,0,3720,0,0,34,0,0,4,0,3,2,0,0,1
91,70208776,70213056,4280,2044,0,92,1893,34,16,1,4,0,3,2,0,0,1
0,0,70955847,70955847,0,3596,0,0,34,0,0,4,0,3,2,0,0,1
92,70957370,70961350,3980,2057,0,116,1561,34,16,1,4,0,3,2,0,0,1
0,0,71711819,71711819,0,6210,0,0,34,0,0,4,0,3,2,0,0,1
93,71713966,71719298,5332,1999,0,81,2986,34,16,1,4,0,3,2,0,0,1
0,0,72458184,72458184,0,3463,0,0,34,0,0,4,0,3,2,0,0,1
94,72459739,72463784,4045,2087,0,81,1637,34,16,1,4,0,3,2,0,0,1
0,0,73301404,73301404,0,14165,0,0,34,0,0,4,0,3,2,0,0,1
95,73304944,73314734,9790,2078,0,115,7231,34,16,1,4,0,3,2,0,0,1
0,0,74078424,74078424,0,5059,0,0,34,0,0,4,0,3,2,0,0,1
96,74080137,74086310,6173,1821,0,104,3927,34,16,1,4,0,3,2,0,0,1
0,0,74845271,74845271,0,7357,0,0,34,0,0,4,0,3,2,0,0,1
97,74847454,74853854,6400,2012,0,79,4033,34,16,1,4,0,3,2,0,0,1
0,0,75600552,75600552,0,5202,0,0,34,0,0,4,0,3,2,0,0,1
98,75602351,75607641,5290,2048,0,108,2880,34,16,1,4,0,3,2,0,0,1
0,0,76356756,76356756,0,4836,0,0,34,0,0,4,0,3,2,0,0,1
99,76358674,76363803,5129,2046,0,103,2707,34,16,1,4,0,3,2,0,0,1
0,0,77221999,77221999,0,13994,0,0,34,0,0,4,0,3,2,0,0,1
100,77225689,77235594,9905,2085,0,101,7327,34,16,1,4,0,3,2,0,0,1
0,0,77992301,77992301,0,4020,0,0,34,0,0,4,0,3,2,0,0,1
101,77993951,78016261,22310,19245,0,104,2641,34,16,1,4,0,3,2,0,0,1
0,0,78757901,78757901,0,3796,0,0,34,0,0,4,0,3,2,0,0,1
102,78759534,78763696,4162,2037,0,76,1820,34,16,1,4,0,3,2,0,0,1
0,0,79504979,79504979,0,3591,0,0,34,0,0,4,0,3,2,0,0,1
103,79506634,79510618,3984,2024,0,84,1632,34,16,1,4,0,3,2,0,0,1
0,0,80249591,80249591,0,3630,0,0,34,0,0,4,0,3,2,0,0,1
104,80251091,80255012,3921,1986,0,97,1603,34,16,1,4,0,3,2,0,0,1
0,0,80994271,80994271,0,3527,0,0,34,0,0,4,0,3,2,0,0,1
105,80995756,80999834,4078,2046,0,78,1703,34,16,1,4,0,3,2,0,0,1
0,0,81741135,81741135,0,3577,0,0,34,0,0,4,0,3,2,0,0,1
106,81742674,81747026,4352,2131,0,79,1882,34,16,1,4,0,3,2,0,0,1
0,0,82486126,82486126,0,3469,0,0,34,0,0,4,0,3,2,0,0,1
107,82487657,82491787,4130,2154,0,78,1649,34,16,1,4,0,3,2,0,0,1
0,0,83229626,83229626,0,3451,0,0,34,0,0,4,0,3,2,0,0,1
108,83231122,83235252,4130,2013,0,88,1800,34,16,1,4,0,3,2,0,0,1
0,0,83974771,83974771,0,3572,0,0,34,0,0,4,0,3,2,0,0,1
109,83976304,83980419,4115,2014,0,95,1734,34,16,1,4,0,3,2,0,0,1
0,0,84721038,84721038,0,3458,0,0,34,0,0,4,0,3,2,0,0,1
110,84722529,84726616,4087,2031,0,115,1676,34,16,1,4,0,3,2,0,0,1
0,0,85463849,85463849,0,3422,0,0,34,0,0,4,0,3,2,0,0,1
111,85465347,85469261,3914,2035,0,100,1506,34,16,1,4,0,3,2,0,0,1
0,0,86211297,86211297,0,3480,0,0,34,0,0,4,0,3,2,0,0,1
112,86212818,86216747,3929,1990,0,87,1594,34,16,1,4,0,3,2,0,0,1
0,0,86958097,86958097,0,3482,0,0,34,0,0,4,0,3,2,0,0,1
113,86959598,86968415,8817,2144,0,92,6330,34,16,1,4,0,3,2,0,0,1
0,0,87704904,87704904,0,3326,0,0,34,0,0,4,0,3,2,0,0,1
114,87706383,87710324,3941,2038,0,88,1563,34,16,1,4,0,3,2,0,0,1
0,0,88446206,88446206,0,3448,0,0,34,0,0,4,0,3,2,0,0,1
115,88447703,88451689,3986,2145,0,89,1499,34,16,1,4,0,3,2,0,0,1
0,0,89212267,89212267,0,3551,0,0,34,0,0,4,0,3,2,0,0,1
116,89213766,89217681,3915,1991,0,95,1575,34,16,1,4,0,3,2,0,0,1
0,0,89960148,89960148,0,3430,0,0,34,0,0,4,0,3,2,0,0,1
117,89961667,89965572,3905,2030,0,94,1533,34,16,1,4,0,3,2,0,0,1
0,0,90706386,90706386,0,3658,0,0,34,0,0,4,0,3,2,0,0,1
118,90707850,90711680,3830,1936,0,89,1565,34,16,1,4,0,3,2,0,0,1
0,0,91451863,91451863,0,3655,0,0,34,0,0,4,0,3,2,0,0,1
119,91453422,91457502,4080,2105,0,94,1640,34,16,1,4,0,3,2,0,0,1
0,0,92204924,92204924,0,4552,0,0,34,0,0,4,0,3,2,0,0,1
120,92206710,92211122,4412,2028,0,108,2027,34,16,1,4,0,3,2,0,0,1
0,0,92969932,92969932,0,6804,0,0,34,0,0,4,0,3,2,0,0,1
121,92971912,92977482,5570,1997,0,86,3206,34,16,1,4,0,3,2,0,0,1
0,0,93718789,93718789,0,3539,0,0,34,0,0,4,0,3,2,0,0,1
122,93720275,93724374,4099,2009,0,93,1740,34,16,1,4,0,3,2,0,0,1
0,0,94466780,94466780,0,3424,0,0,34,0,0,4,0,3,2,0,0,1
123,94468315,94472357,4042,2050,0,95,1633,34,16,1,4,0,3,2,0,0,1
0,0,95219942,95219942,0,4085,0,0,34,0,0,4,0,3,2,0,0,1
124,95221473,95225721,4248,2015,0,85,1898,34,16,1,4,0,3,2,0,0,1
0,0,95968556,95968556,0,3450,0,0,34,0,0,4,0,3,2,0,0,1
125,95970092,95974124,4032,2045,0,89,1623,34,16,1,4,0,3,2,0,0,1
0,0,96712645,96712645,0,3375,0,0,34,0,0,4,0,3,2,0,0,1
126,96714167,96718162,3995,2056,0,104,1586,34,16,1,4,0,3,2,0,0,1
0,0,97457829,97457829,0,3451,0,0,34,0,0,4,0,3,2,0,0,1
127,97459361,97463400,4039,1983,0,112,1673,34,16,1,4,0,3,2,0,0,1
0,0,98210449,98210449,0,3412,0,0,34,0,0,4,0,3,2,0,0,1
128,98211910,98215994,4084,2083,0,95,1669,34,16,1,4,0,3,2,0,0,1
0,0,98956891,98956891,0,3347,0,0,34,0,0,4,0,3,2,0,0,1
129,98958386,98962340,3954,2023,0,108,1546,34,16,1,4,0,3,2,0,0,1
0,0,99700638,99700638,0,3418,0,0,34,0,0,4,0,3,2,0,0,1
130,99702103,99706106,4003,2003,0,80,1656,34,16,1,4,0,3,2,0,0,1
0,0,100444891,100444891,0,3402,0,0,34,0,0,4,0,3,2,0,0,1
131,100446512,100450532,4020,2016,0,109,1656,34,16,1,4,0,3,2,0,0,1
0,0,101219180,101219180,0,3580,0,0,34,0,0,4,0,3,2,0,0,1
132,101220686,101224737,4051,1940,0,114,1751,34,16,1,4,0,3,2,0,0,1
0,0,101968580,101968580,0,3412,0,0,34,0,0,4,0,3,2,0,0,1
133,101970092,101974114,4022,2032,0,80,1687,34,16,1,4,0,3,2,0,0,1
0,0,102712471,102712471,0,3387,0,0,34,0,0,4,0,3,2,0,0,1
134,102713949,102717849,3900,1917,0,86,1629,34,16,1,4,0,3,2,0,0,1
0,0,103457366,103457366,0,3352,0,0,34,0,0,4,0,3,2,0,0,1
135,103458814,103462738,3924,2066,0,104,1513,34,16,1,4,0,3,2,0,0,1
0,0,104205906,104205906,0,3418,0,0,34,0,0,4,0,3,2,0,0,1
136,104207369,104211131,3762,1939,0,89,1482,34,16,1,4,0,3,2,0,0,1
0,0,104950399,104950399,0,3379,0,0,34,0,0,4,0,3,2,0,0,1
137,104951784,104955706,3922,2041,0,108,1547,34,16,1,4,0,3,2,0,0,1
0,0,105704137,105704137,0,5466,0,0,34,0,0,4,0,3,2,0,0,1
138,105705904,105711017,5113,2060,0,129,2688,34,16,1,4,0,3,2,0,0,1
0,0,106454709,106454709,0,3557,0,0,34,0,0,4,0,3,2,0,0,1
139,106468539,106472787,4248,2156,0,120,1741,34,16,1,4,0,3,2,0,0,1
0,0,107214817,107214817,0,3453,0,0,34,0,0,4,0,3,2,0,0,1
140,107216251,107220287,4036,2023,0,88,1700,34,16,1,4,0,3,2,0,0,1
0,0,107966911,107966911,0,3558,0,0,34,0,0,4,0,3,2,0,0,1
141,107968496,107972466,3970,2025,0,119,1589,34,16,1,4,0,3,2,0,0,1
0,0,108711147,108711147,0,3472,0,0,34,0,0,4,0,3,2,0,0,1
142,108712580,108716649,4069,2045,0,109,1642,34,16,1,4,0,3,2,0,0,1
0,0,109454889,109454889,0,3463,0,0,34,0,0,4,0,3,2,0,0,1
143,109456289,109462639,6350,2037,0,102,3967,34,16,1,4,0,3,2,0,0,1
0,0,110205879,110205879,0,3512,0,0,34,0,0,4,0,3,2,0,0,1
144,110207243,110211129,3886,1916,0,104,1604,34,16,1,4,0,3,2,0,0,1
0,0,110953812,110953812,0,3381,0,0,34,0,0,4,0,3,2,0,0,1
145,110955193,110959237,4044,2058,0,106,1634,34,16,1,4,0,3,2,0,0,1
0,0,111700776,111700776,0,3405,0,0,34,0,0,4,0,3,2,0,0,1
146,111702172,111706251,4079,2031,0,117,1667,34,16,1,4,0,3,2,0,0,1
0,0,112450210,112450210,0,4396,0,0,34,0,0,4,0,3,2,0,0,1
147,112451742,112456730,4988,2027,0,109,2595,34,16,1,4,0,3,2,0,0,1
0,0,113203612,113203612,0,3443,0,0,34,0,0,4,0,3,2,0,0,1
148,113205000,113208934,3934,1955,0,82,1641,34,16,1,4,0,3,2,0,0,1
0,0,113958035,113958035,0,3867,0,0,34,0,0,4,0,3,2,0,0,1
149,113959505,113963894,4389,1994,0,89,2030,34,16,1,4,0,3,2,0,0,1
0,0,114717369,114717369,0,5752,0,0,34,0,0,4,0,3,2,0,0,1
150,114719162,114724194,5032,1978,0,95,2707,34,16,1,4,0,3,2,0,0,1
0,0,115464433,115464433,0,3458,0,0,34,0,0,4,0,3,2,0,0,1
151,115465876,115470006,4130,2036,0,79,1764,34,16,1,4,0,3,2,0,0,1
0,0,116217802,116217802,0,3413,0,0,34,0,0,4,0,3,2,0,0,1
152,116219147,116222932,3785,1882,0,98,1566,34,16,1,4,0,3,2,0,0,1
0,0,116961314,116961314,0,3380,0,0,34,0,0,4,0,3,2,0,0,1
153,116962640,116966527,3887,1946,0,115,1562,34,16,1,4,0,3,2,0,0,1
0,0,117706895,117706895,0,3388,0,0,34,0,0,4,0,3,2,0,0,1
154,117708261,117712354,4093,1936,0,118,1786,34,16,1,4,0,3,2,0,0,1
0,0,118451959,118451959,0,3326,0,0,34,0,0,4,0,3,2,0,0,1
155,118453288,118457088,3800,1948,0,84,1507,34,16,1,4,0,3,2,0,0,1
0,0,119199984,119199984,0,3343,0,0,34,0,0,4,0,3,2,0,0,1
156,119201410,119205327,3917,1944,0,117,1596,34,16,1,4,0,3,2,0,0,1
0,0,119945506,119945506,0,3343,0,0,34,0,0,4,0,3,2,0,0,1
157,119946864,119950713,3849,1948,0,103,1547,34,16,1,4,0,3,2,0,0,1
0,0,120691045,120691045,0,3344,0,0,34,0,0,4,0,3,2,0,0,1
158,120692458,120696697,4239,1956,0,117,1910,34,16,1,4,0,3,2,0,0,1
0,0,121435335,121435335,0,3356,0,0,34,0,0,4,0,3,2,0,0,1
159,121436722,121440992,4270,2029,0,129,1827,34,16,1,4,0,3,2,0,0,1
0,0,122196920,122196920,0,3543,0,0,34,0,0,4,0,3,2,0,0,1
160,122198383,122202394,4011,1984,0,115,1649,34,16,1,4,0,3,2,0,0,1
0,0,122941868,122941868,0,3338,0,0,34,0,0,4,0,3,2,0,0,1
161,122943359,122947259,3900,1945,0,127,1574,34,16,1,4,0,3,2,0,0,1
0,0,123686253,123686253,0,3460,0,0,34,0,0,4,0,3,2,0,0,1
162,123687787,123692063,4276,1961,0,129,1943,34,16,1,4,0,3,2,0,0,1
0,0,124431446,124431446,0,3370,0,0,34,0,0,4,0,3,2,0,0,1
163,124432957,124436859,3902,2003,0,127,1510,34,16,1,4,0,3,2,0,0,1
0,0,125191688,125191688,0,3426,0,0,34,0,0,4,0,3,2,0,0,1
164,125193287,125197253,3966,1948,0,104,1641,34,16,1,4,0,3,2,0,0,1
0,0,125939048,125939048,0,3493,0,0,34,0,0,4,0,3,2,0,0,1
165,125940650,125944666,4016,1942,0,107,1730,34,16,1,4,0,3,2,0,0,1
0,0,126682830,126682830,0,3404,0,0,34,0,0,4,0,3,2,0,0,1
166,126684392,126688567,4175,2077,0,96,1742,34,16,1,4,0,3,2,0,0,1
0,0,127429119,127429119,0,3446,0,0,34,0,0,4,0,3,2,0,0,1
167,127430630,127434635,4005,2027,0,103,1625,34,16,1,4,0,3,2,0,0,1
0,0,128191138,128191138,0,3423,0,0,34,0,0,4,0,3,2,0,0,1
168,128192660,128196808,4148,1962,0,119,1797,34,16,1,4,0,3,2,0,0,1
0,0,128940753,128940753,0,3390,0,0,34,0,0,4,0,3,2,0,0,1
169,128942182,128947187,5005,1981,0,98,2677,34,16,1,4,0,3,2,0,0,1
0,0,129686986,129686986,0,3446,0,0,34,0,0,4,0,3,2,0,0,1
170,129688533,129693643,5110,2088,0,115,2659,34,16,1,4,0,3,2,0,0,1
0,0,130435828,130435828,0,3491,0,0,34,0,0,4,0,3,2,0,0,1
171,130437333,130441726,4393,2070,0,103,1963,34,16,1,4,0,3,2,0,0,1
0,0,131196309,131196309,0,3534,0,0,34,0,0,4,0,3,2,0,0,1
172,131211887,131216039,4152,2258,0,106,1542,34,16,1,4,0,3,2,0,0,1
0,0,131959848,131959848,0,3503,0,0,34,0,0,4,0,3,2,0,0,1
173,131961312,131965385,4073,2076,0,105,1657,34,16,1,4,0,3,2,0,0,1
0,0,132707076,132707076,0,3457,0,0,34,0,0,4,0,3,2,0,0,1
174,132708618,132712651,4033,2085,0,94,1601,34,16,1,4,0,3,2,0,0,1
0,0,133454894,133454894,0,3503,0,0,34,0,0,4,0,3,2,0,0,1
175,133456350,133460284,3934,2023,0,95,1543,34,16,1,4,0,3,2,0,0,1
0,0,134204765,134204765,0,3447,0,0,34,0,0,4,0,3,2,0,0,1
176,134206286,134210362,4076,2106,0,116,1598,34,16,1,4,0,3,2,0,0,1
0,0,134953315,134953315,0,3493,0,0,34,0,0,4,0,3,2,0,0,1
177,134954767,134958780,4013,2026,0,94,1666,34,16,1,4,0,3,2,0,0,1
0,0,135698119,135698119,0,3498,0,0,34,0,0,4,0,3,2,0,0,1
178,135699573,135703614,4041,2062,0,97,1639,34,16,1,4,0,3,2,0,0,1
0,0,136443518,136443518,0,3534,0,0,34,0,0,4,0,3,2,0,0,1
179,136444894,136448938,4044,2049,0,82,1660,34,16,1,4,0,3,2,0,0,1
0,0,137208686,137208686,0,3558,0,0,34,0,0,4,0,3,2,0,0,1
180,137210126,137214398,4272,2090,0,95,1814,34,16,1,4,0,3,2,0,0,1
0,0,137956221,137956221,0,3326,0,0,34,0,0,4,0,3,2,0,0,1
181,137957640,137961762,4122,1935,0,90,1842,34,16,1,4,0,3,2,0,0,1
0,0,138700864,138700864,0,3439,0,0,34,0,0,4,0,3,2,0,0,1
182,138702294,138706298,4004,2032,0,100,1599,34,16,1,4,0,3,2,0,0,1
0,0,139461584,139461584,0,4592,0,0,34,0,0,4,0,3,2,0,0,1
183,139463141,139467682,4541,2148,0,114,2028,34,16,1,4,0,3,2,0,0,1
0,0,140213922,140213922,0,3478,0,0,34,0,0,4,0,3,2,0,0,1
184,140215340,140219378,4038,1997,0,98,1694,34,16,1,4,0,3,2,0,0,1
0,0,140960051,140960051,0,3445,0,0,34,0,0,4,0,3,2,0,0,1
185,140961471,140965630,4159,2005,0,90,1816,34,16,1,4,0,3,2,0,0,1
0,0,141704590,141704590,0,3540,0,0,34,0,0,4,0,3,2,0,0,1
186,141706075,141710113,4038,1962,0,105,1723,34,16,1,4,0,3,2,0,0,1
0,0,142449699,142449699,0,3445,0,0,34,0,0,4,0,3,2,0,0,1
187,142451131,142455092,3961,2019,0,93,1607,34,16,1,4,0,3,2,0,0,1
0,0,143213457,143213457,0,4873,0,0,34,0,0,4,0,3,2,0,0,1
188,143215440,143220497,5057,2518,0,120,2132,34,16,1,4,0,3,2,0,0,1
0,0,143973880,143973880,0,3756,0,0,34,0,0,4,0,3,2,0,0,1
189,143975367,143979692,4325,2070,0,109,1901,34,16,1,4,0,3,2,0,0,1
0,0,144719707,144719707,0,3680,0,0,34,0,0,4,0,3,2,0,0,1
190,144721363,144725369,4006,2046,0,108,1601,34,16,1,4,0,3,2,0,0,1
0,0,145473337,145473337,0,3468,0,0,34,0,0,4,0,3,2,0,0,1
191,145474832,145478836,4004,2113,0,111,1534,34,16,1,4,0,3,2,0,0,1
0,0,146219556,146219556,0,3389,0,0,34,0,0,4,0,3,2,0,0,1
192,146221011,146224987,3976,1993,0,97,1645,34,16,1,4,0,3,2,0,0,1
0,0,146975570,146975570,0,3653,0,0,34,0,0,4,0,3,2,0,0,1
193,146976976,146981377,4401,2054,0,95,1972,34,16,1,4,0,3,2,0,0,1
0,0,147719125,147719125,0,3419,0,0,34,0,0,4,0,3,2,0,0,1
194,147720565,147724519,3954,2023,0,109,1551,34,16,1,4,0,3,2,0,0,1
0,0,148464602,148464602,0,3422,0,0,34,0,0,4,0,3,2,0,0,1
195,148465986,148470007,4021,2022,0,118,1626,34,16,1,4,0,3,2,0,0,1
0,0,149211189,149211189,0,3508,0,0,34,0,0,4,0,3,2,0,0,1
196,149212623,149216588,3965,2047,0,116,1571,34,16,1,4,0,3,2,0,0,1
0,0,149955488,149955488,0,3367,0,0,34,0,0,4,0,3,2,0,0,1
197,149956931,149961579,4648,2032,0,117,2263,34,16,1,4,0,3,2,0,0,1
0,0,150698502,150698502,0,3421,0,0,34,0,0,4,0,3,2,0,0,1
198,150699941,150703937,3996,1979,0,91,1675,34,16,1,4,0,3,2,0,0,1
0,0,151442287,151442287,0,3314,0,0,34,0,0,4,0,3,2,0,0,1
199,151443749,151447802,4053,2106,0,99,1573,34,16,1,4,0,3,2,0,0,1
0,0,152203326,152203326,0,3461,0,0,34,0,0,4,0,3,2,0,0,1
200,152204759,152208665,3906,1944,0,91,1630,34,16,1,4,0,3,2,0,0,1
0,0,152955242,152955242,0,3946,0,0,34,0,0,4,0,3,2,0,0,1
1,153666711,153677280,10569,9702,0,104,493,34,16,1,4,0,3,2,0,0,1
0,0,154417642,154417642,0,5991,0,0,34,0,0,4,0,3,2,0,0,1
2,154419789,154425017,5228,1744,0,97,3093,34,16,1,4,0,3,2,0,0,1
0,0,155140349,155140349,0,3400,0,0,34,0,0,4,0,3,2,0,0,1
3,155142070,155145931,3861,2001,0,77,1565,34,16,1,4,0,3,2,0,0,1
0,0,155866442,155866442,0,3396,0,0,34,0,0,4,0,3,2,0,0,1
4,155868093,155872733,4640,2017,0,81,2310,34,16,1,4,0,3,2,0,0,1
0,0,156601657,156601657,0,4979,0,0,34,0,0,4,0,3,2,0,0,1
5,156603728,156608374,4646,2001,0,103,2308,34,16,1,4,0,3,2,0,0,1
0,0,157326601,157326601,0,3498,0,0,34,0,0,4,0,3,2,0,0,1
6,157328199,157332188,3989,2057,0,112,1560,34,16,1,4,0,3,2,0,0,1
0,0,158048797,158048797,0,3395,0,0,34,0,0,4,0,3,2,0,0,1
7,158050470,158054438,3968,1999,0,103,1621,34,16,1,4,0,3,2,0,0,1
0,0,158772448,158772448,0,3456,0,0,34,0,0,4,0,3,2,0,0,1
8,158774056,158778066,4010,2038,0,78,1621,34,16,1,4,0,3,2,0,0,1
0,0,159495101,159495101,0,4354,0,0,34,0,0,4,0,3,2,0,0,1
9,159496991,159501188,4197,1943,0,80,1951,34,16,1,4,0,3,2,0,0,1
0,0,160248156,160248156,0,8893,0,0,34,0,0,4,0,3,2,0,0,1
10,160250823,160257560,6737,2137,0,92,4232,34,16,1,4,0,3,2,0,0,1
0,0,160983241,160983241,0,3498,0,0,34,0,0,4,0,3,2,0,0,1
11,160984786,160988999,4213,2050,0,92,1835,34,16,1,4,0,3,2,0,0,1
0,0,161705135,161705135,0,3334,0,0,34,0,0,4,0,3,2,0,0,1
12,161706808,161710761,3953,1995,0,85,1625,34,16,1,4,0,3,2,0,0,1
0,0,162376124,162376124,0,3387,0,0,34,0,0,4,0,3,2,0,0,1
13,162377611,162381699,4088,1937,0,96,1800,34,16,1,4,0,3,2,0,0,1
0,0,163096284,163096284,0,3244,0,0,34,0,0,4,0,3,2,0,0,1
14,163097873,163103033,5160,1975,0,105,2840,34,16,1,4,0,3,2,0,0,1
0,0,163818786,163818786,0,3272,0,0,34,0,0,4,0,3,2,0,0,1
15,163820362,163824314,3952,2012,0,87,1620,34,16,1,4,0,3,2,0,0,1
0,0,164538730,164538730,0,3255,0,0,34,0,0,4,0,3,2,0,0,1
16,164540323,164544186,3863,1977,0,95,1565,34,16,1,4,0,3,2,0,0,1
0,0,165260434,165260434,0,3328,0,0,34,0,0,4,0,3,2,0,0,1
17,165261997,165265988,3991,2026,0,89,1633,34,16,1,4,0,3,2,0,0,1
0,0,166034637,166034637,0,13700,0,0,34,0,0,4,0,3,2,0,0,1
18,166038204,166046710,8506,2172,0,100,5860,34,16,1,4,0,3,2,0,0,1
0,0,166782520,166782520,0,3572,0,0,34,0,0,4,0,3,2,0,0,1
19,166783926,166787982,4056,1734,0,88,1932,34,16,1,4,0,3,2,0,0,1
0,0,167516758,167516758,0,3565,0,0,34,0,0,4,0,3,2,0,0,1
20,167518133,167522200,4067,1884,0,80,1838,34,16,1,4,0,3,2,0,0,1
0,0,168248126,168248126,0,3375,0,0,34,0,0,4,0,3,2,0,0,1
21,168249601,168253841,4240,2091,0,81,1821,34,16,1,4,0,3,2,0,0,1
0,0,168984101,168984101,0,3889,0,0,34,0,0,4,0,3,2,0,0,1
22,168985738,168990045,4307,1901,0,110,2066,34,16,1,4,0,3,2,0,0,1
0,0,169716654,169716654,0,3595,0,0,34,0,0,4,0,3,2,0,0,1
23,169718211,169722365,4154,1948,0,91,1858,34,16,1,4,0,3,2,0,0,1
0,0,170452483,170452483,0,3665,0,0,34,0,0,4,0,3,2,0,0,1
24,170454068,170458255,4187,1970,0,98,1863,34,16,1,4,0,3,2,0,0,1
0,0,171195416,171195416,0,3524,0,0,34,0,0,4,0,3,2,0,0,1
25,171196985,171204848,7863,2040,0,85,5468,34,16,1,4,0,3,2,0,0,1
0,0,171931341,171931341,0,3569,0,0,34,0,0,4,0,3,2,0,0,1
26,171932865,171937071,4206,2028,0,101,1828,34,16,1,4,0,3,2,0,0,1
0,0,172663281,172663281,0,3458,0,0,34,0,0,4,0,3,2,0,0,1
27,172664805,172668873,4068,2090,0,86,1638,34,16,1,4,0,3,2,0,0,1
0,0,173396731,173396731,0,3562,0,0,34,0,0,4,0,3,2,0,0,1
28,173398239,173402299,4060,2071,0,79,1662,34,16,1,4,0,3,2,0,0,1
0,0,174129290,174129290,0,3484,0,0,34,0,0,4,0,3,2,0,0,1
29,174130844,174135013,4169,2066,0,93,1757,34,16,1,4,0,3,2,0,0,1
0,0,174862688,174862688,0,3456,0,0,34,0,0,4,0,3,2,0,0,1
30,174864160,174868179,4019,1944,0,110,1734,34,16,1,4,0,3,2,0,0,1
0,0,175595879,175595879,0,3496,0,0,34,0,0,4,0,3,2,0,0,1
31,175597405,175601840,4435,2104,0,93,1989,34,16,1,4,0,3,2,0,0,1
0,0,176336452,176336452,0,3555,0,0,34,0,0,4,0,3,2,0,0,1
32,176338034,176342162,4128,2045,0,81,1774,34,16,1,4,0,3,2,0,0,1
0,0,177069176,177069176,0,3452,0,0,34,0,0,4,0,3,2,0,0,1
33,177070665,177074788,4123,2034,0,87,1757,34,16,1,4,0,3,2,0,0,1
0,0,177893986,177893986,0,14423,0,0,34,0,0,4,0,3,2,0,0,1
34,177897439,177907098,9659,2055,0,101,7144,34,16,1,4,0,3,2,0,0,1
0,0,178664311,178664311,0,7068,0,0,34,0,0,4,0,3,2,0,0,1
35,178666523,178673756,7233,1787,0,103,5041,34,16,1,4,0,3,2,0,0,1
0,0,179413835,179413835,0,4954,0,0,34,0,0,4,0,3,2,0,0,1
36,179415560,179420763,5203,1975,0,89,2873,34,16,1,4,0,3,2,0,0,1
0,0,180244744,180244744,0,14046,0,0,34,0,0,4,0,3,2,0,0,1
37,180248502,180257826,9324,2095,0,100,6700,34,16,1,4,0,3,2,0,0,1
0,0,181003761,181003761,0,4880,0,0,34,0,0,4,0,3,2,0,0,1
38,181006482,181012951,6469,2865,0,114,3014,34,16,1,4,0,3,2,0,0,1
0,0,181746808,181746808,0,3981,0,0,34,0,0,4,0,3,2,0,0,1
39,181748505,181752728,4223,2008,0,104,1855,34,16,1,4,0,3,2,0,0,1
0,0,182484368,182484368,0,4147,0,0,34,0,0,4,0,3,2,0,0,1
40,182485885,182490222,4337,1935,0,105,2043,34,16,1,4,0,3,2,0,0,1
0,0,183219006,183219006,0,3448,0,0,34,0,0,4,0,3,2,0,0,1
41,183220600,183224588,3988,1992,0,103,1641,34,16,1,4,0,3,2,0,0,1
0,0,183953760,183953760,0,3584,0,0,34,0,0,4,0,3,2,0,0,1
42,183955450,183959466,4016,1899,0,78,1802,34,16,1,4,0,3,2,0,0,1
0,0,184686923,184686923,0,3373,0,0,34,0,0,4,0,3,2,0,0,1
43,184688507,184692316,3809,1900,0,83,1586,34,16,1,4,0,3,2,0,0,1
0,0,185419592,185419592,0,3453,0,0,34,0,0,4,0,3,2,0,0,1
44,185421247,185425424,4177,1989,0,85,1645,34,16,1,4,0,3,2,0,0,1
0,0,186155495,186155495,0,3596,0,0,34,0,0,4,0,3,2,0,0,1
45,186157176,186161201,4025,2044,0,90,1644,34,16,1,4,0,3,2,0,0,1
0,0,186889774,186889774,0,3551,0,0,34,0,0,4,0,3,2,0,0,1
46,186891356,186895470,4114,1987,0,97,1763,34,16,1,4,0,3,2,0,0,1
0,0,187622437,187622437,0,3489,0,0,34,0,0,4,0,3,2,0,0,1
47,187624102,187628063,3961,1996,0,82,1639,34,16,1,4,0,3,2,0,0,1
0,0,188352929,188352929,0,3418,0,0,34,0,0,4,0,3,2,0,0,1
48,188354527,188358682,4155,2021,0,80,1811,34,16,1,4,0,3,2,0,0,1
0,0,189084859,189084859,0,3510,0,0,34,0,0,4,0,3,2,0,0,1
49,189086466,189090635,4169,1992,0,81,1870,34,16,1,4,0,3,2,0,0,1
0,0,189819575,189819575,0,3723,0,0,34,0,0,4,0,3,2,0,0,1
50,189821266,189825525,4259,2039,0,101,1852,34,16,1,4,0,3,2,0,0,1
0,0,190553445,190553445,0,3579,0,0,34,0,0,4,0,3,2,0,0,1
51,190555061,190559034,3973,1925,0,90,1710,34,16,1,4,0,3,2,0,0,1
0,0,191285976,191285976,0,3403,0,0,34,0,0,4,0,3,2,0,0,1
52,191287561,191291467,3906,1994,0,95,1576,34,16,1,4,0,3,2,0,0,1
0,0,192018353,192018353,0,3443,0,0,34,0,0,4,0,3,2,0,0,1
53,192019978,192023912,3934,1995,0,85,1601,34,16,1,4,0,3,2,0,0,1
0,0,192750515,192750515,0,3583,0,0,34,0,0,4,0,3,2,0,0,1
54,192752210,192756273,4063,2055,0,99,1672,34,16,1,4,0,3,2,0,0,1
0,0,193483822,193483822,0,3355,0,0,34,0,0,4,0,3,2,0,0,1
55,193485330,193492236,6906,1980,0,82,4608,34,16,1,4,0,3,2,0,0,1
0,0,194318454,194318454,0,4816,0,0,34,0,0,4,0,3,2,0,0,1
56,194320319,194325133,4814,2082,0,94,2427,34,16,1,4,0,3,2,0,0,1
0,0,195059614,195059614,0,3557,0,0,34,0,0,4,0,3,2,0,0,1
57,195061193,195065308,4115,1991,0,76,1800,34,16,1,4,0,3,2,0,0,1
0,0,195793426,195793426,0,3546,0,0,34,0,0,4,0,3,2,0,0,1
58,195795038,195798970,3932,1933,0,73,1689,34,16,1,4,0,3,2,0,0,1
0,0,196526783,196526783,0,3530,0,0,34,0,0,4,0,3,2,0,0,1
59,196528274,196532250,3976,1914,0,94,1706,34,16,1,4,0,3,2,0,0,1
0,0,197261033,197261033,0,3469,0,0,34,0,0,4,0,3,2,0,0,1
60,197262544,197266683,4139,2025,0,100,1765,34,16,1,4,0,3,2,0,0,1
0,0,197997044,197997044,0,3456,0,0,34,0,0,4,0,3,2,0,0,1
61,197998511,198002552,4041,2041,0,84,1639,34,16,1,4,0,3,2,0,0,1
0,0,198727666,198727666,0,3406,0,0,34,0,0,4,0,3,2,0,0,1
62,198729206,198733468,4262,1946,0,94,1968,34,16,1,4,0,3,2,0,0,1
0,0,199461408,199461408,0,3542,0,0,34,0,0,4,0,3,2,0,0,1
63,199462968,199467175,4207,1983,0,106,1865,34,16,1,4,0,3,2,0,0,1
0,0,200197546,200197546,0,3509,0,0,34,0,0,4,0,3,2,0,0,1
64,200199042,200203109,4067,2060,0,91,1669,34,16,1,4,0,3,2,0,0,1
0,0,200930595,200930595,0,3468,0,0,34,0,0,4,0,3,2,0,0,1
65,200932090,200936262,4172,2021,0,87,1824,34,16,1,4,0,3,2,0,0,1
0,0,201664999,201664999,0,3554,0,0,34,0,0,4,0,3,2,0,0,1
66,201666544,201670604,4060,1955,0,99,1746,34,16,1,4,0,3,2,0,0,1
0,0,202397643,202397643,0,3420,0,0,34,0,0,4,0,3,2,0,0,1
67,202399108,202403336,4228,2034,0,94,1861,34,16,1,4,0,3,2,0,0,1
0,0,203131066,203131066,0,3367,0,0,34,0,0,4,0,3,2,0,0,1
68,203132588,203136768,4180,2009,0,90,1822,34,16,1,4,0,3,2,0,0,1
0,0,203868918,203868918,0,3583,0,0,34,0,0,4,0,3,2,0,0,1
69,203870441,203874448,4007,1978,0,91,1658,34,16,1,4,0,3,2,0,0,1
0,0,204600803,204600803,0,3411,0,0,34,0,0,4,0,3,2,0,0,1
70,204602305,204606636,4331,2067,0,89,1933,34,16,1,4,0,3,2,0,0,1
0,0,205335852,205335852,0,3451,0,0,34,0,0,4,0,3,2,0,0,1
71,205337451,205341426,3975,2002,0,97,1626,34,16,1,4,0,3,2,0,0,1
0,0,206069034,206069034,0,3474,0,0,34,0,0,4,0,3,2,0,0,1
72,206070518,206074598,4080,2082,0,104,1631,34,16,1,4,0,3,2,0,0,1
0,0,206805597,206805597,0,4457,0,0,34,0,0,4,0,3,2,0,0,1
73,206807282,206811602,4320,1984,0,94,1987,34,16,1,4,0,3,2,0,0,1
0,0,207540051,207540051,0,3610,0,0,34,0,0,4,0,3,2,0,0,1
74,207541559,207545788,4229,2038,0,104,1811,34,16,1,4,0,3,2,0,0,1
0,0,208278032,208278032,0,4987,0,0,34,0,0,4,0,3,2,0,0,1
75,208279691,208284201,4510,1994,0,96,2152,34,16,1,4,0,3,2,0,0,1
0,0,209089947,209089947,0,12693,0,0,34,0,0,4,0,3,2,0,0,1
76,209093338,209103175,9837,2940,0,96,6408,34,16,1,4,0,3,2,0,0,1
0,0,209874231,209874231,0,7758,0,0,34,0,0,4,0,3,2,0,0,1
77,209876776,209883543,6767,1956,0,115,4411,34,16,1,4,0,3,2,0,0,1
0,0,210615406,210615406,0,3452,0,0,34,0,0,4,0,3,2,0,0,1
78,210617048,210621395,4347,1894,0,84,2118,34,16,1,4,0,3,2,0,0,1
0,0,211349393,211349393,0,3438,0,0,34,0,0,4,0,3,2,0,0,1
79,211350973,211355699,4726,1964,0,83,2443,34,16,1,4,0,3,2,0,0,1
0,0,212083161,212083161,0,3581,0,0,34,0,0,4,0,3,2,0,0,1
80,212084812,212088875,4063,2058,0,78,1687,34,16,1,4,0,3,2,0,0,1
0,0,212818215,212818215,0,3542,0,0,34,0,0,4,0,3,2,0,0,1
81,212819830,212823985,4155,1972,0,106,1822,34,16,1,4,0,3,2,0,0,1
0,0,213551635,213551635,0,3543,0,0,34,0,0,4,0,3,2,0,0,1
82,213553300,213558700,5400,2742,0,110,2268,34,16,1,4,0,3,2,0,0,1
0,0,214288648,214288648,0,3566,0,0,34,0,0,4,0,3,2,0,0,1
83,214290338,214294503,4165,1923,0,84,1916,34,16,1,4,0,3,2,0,0,1
0,0,215021381,215021381,0,3557,0,0,34,0,0,4,0,3,2,0,0,1
84,215023038,215027175,4137,2102,0,98,1691,34,16,1,4,0,3,2,0,0,1
0,0,215755503,215755503,0,3682,0,0,34,0,0,4,0,3,2,0,0,1
85,215757259,215765865,8606,1977,0,96,6277,34,16,1,4,0,3,2,0,0,1
0,0,216492741,216492741,0,3576,0,0,34,0,0,4,0,3,2,0,0,1
86,216494359,216498395,4036,1947,0,85,1750,34,16,1,4,0,3,2,0,0,1
0,0,217233274,217233274,0,4753,0,0,34,0,0,4,0,3,2,0,0,1
87,217235356,217240670,5314,2948,0,81,1975,34,16,1,4,0,3,2,0,0,1
0,0,217970579,217970579,0,3631,0,0,34,0,0,4,0,3,2,0,0,1
88,217972205,217976277,4072,1982,0,91,1754,34,16,1,4,0,3,2,0,0,1
0,0,218702245,218702245,0,3442,0,0,34,0,0,4,0,3,2,0,0,1
89,218703964,218708143,4179,2002,0,106,1802,34,16,1,4,0,3,2,0,0,1
0,0,219435073,219435073,0,3444,0,0,34,0,0,4,0,3,2,0,0,1
90,219436692,219440976,4284,1950,0,84,2008,34,16,1,4,0,3,2,0,0,1
0,0,220194713,220194713,0,3881,0,0,34,0,0,4,0,3,2,0,0,1
91,220196412,220200655,4243,2002,0,100,1890,34,16,1,4,0,3,2,0,0,1
0,0,220948782,220948782,0,3574,0,0,34,0,0,4,0,3,2,0,0,1
92,220950431,220954652,4221,2021,0,82,1880,34,16,1,4,0,3,2,0,0,1
0,0,221683245,221683245,0,3448,0,0,34,0,0,4,0,3,2,0,0,1
93,221684885,221688973,4088,1933,0,99,1828,34,16,1,4,0,3,2,0,0,1
0,0,222415102,222415102,0,3551,0,0,34,0,0,4,0,3,2,0,0,1
94,222416740,222420880,4140,2024,0,81,1792,34,16,1,4,0,3,2,0,0,1
0,0,223156679,223156679,0,3975,0,0,34,0,0,4,0,3,2,0,0,1
95,223158365,223162661,4296,2068,0,84,1901,34,16,1,4,0,3,2,0,0,1
0,0,223897197,223897197,0,3401,0,0,34,0,0,4,0,3,2,0,0,1
96,223898780,223902886,4106,1988,0,103,1780,34,16,1,4,0,3,2,0,0,1
0,0,224630103,224630103,0,3483,0,0,34,0,0,4,0,3,2,0,0,1
97,224631562,224635800,4238,2059,0,76,1845,34,16,1,4,0,3,2,0,0,1
0,0,225434227,225434227,0,13964,0,0,34,0,0,4,0,3,2,0,0,1
98,225437805,225447771,9966,2030,0,101,7390,34,16,1,4,0,3,2,0,0,1
0,0,226194248,226194248,0,3762,0,0,34,0,0,4,0,3,2,0,0,1
99,226195969,226200200,4231,1749,0,84,2170,34,16,1,4,0,3,2,0,0,1
0,0,226929440,226929440,0,3813,0,0,34,0,0,4,0,3,2,0,0,1
100,226930932,226935345,4413,2001,0,82,2098,34,16,1,4,0,3,2,0,0,1
0,0,227662645,227662645,0,3701,0,0,34,0,0,4,0,3,2,0,0,1
101,227664143,227668270,4127,1994,0,103,1793,34,16,1,4,0,3,2,0,0,1
0,0,228398104,228398104,0,3469,0,0,34,0,0,4,0,3,2,0,0,1
102,228399552,228403941,4389,2055,0,78,2044,34,16,1,4,0,3,2,0,0,1
0,0,229129501,229129501,0,3439,0,0,34,0,0,4,0,3,2,0,0,1
103,229130895,229135295,4400,2040,0,87,2035,34,16,1,4,0,3,2,0,0,1
0,0,229867871,229867871,0,4790,0,0,34,0,0,4,0,3,2,0,0,1
104,229869573,229874446,4873,2041,0,89,2483,34,16,1,4,0,3,2,0,0,1
0,0,230603385,230603385,0,3547,0,0,34,0,0,4,0,3,2,0,0,1
105,230604847,230609022,4175,2000,0,112,1810,34,16,1,4,0,3,2,0,0,1
0,0,231338972,231338972,0,3347,0,0,34,0,0,4,0,3,2,0,0,1
106,231340414,231344679,4265,1977,0,96,1919,34,16,1,4,0,3,2,0,0,1
0,0,232072095,232072095,0,3474,0,0,34,0,0,4,0,3,2,0,0,1
107,232086529,232090816,4287,2175,0,101,1729,34,16,1,4,0,3,2,0,0,1
0,0,232818787,232818787,0,3410,0,0,34,0,0,4,0,3,2,0,0,1
108,232820185,232824529,4344,2066,0,91,1963,34,16,1,4,0,3,2,0,0,1
0,0,233646989,233646989,0,14644,0,0,34,0,0,4,0,3,2,0,0,1
109,233650746,233660684,9938,1955,0,91,7508,34,16,1,4,0,3,2,0,0,1
0,0,234480889,234480889,0,13657,0,0,34,0,0,4,0,3,2,0,0,1
110,234484493,234494071,9578,1984,0,99,7115,34,16,1,4,0,3,2,0,0,1
0,0,235394866,235394866,0,14113,0,0,34,0,0,4,0,3,2,0,0,1
111,235398274,235407911,9637,2180,0,100,6996,34,16,1,4,0,3,2,0,0,1
0,0,236297501,236297501,0,13840,0,0,34,0,0,4,0,3,2,0,0,1
112,236300974,236310419,9445,2118,0,97,6825,34,16,1,4,0,3,2,0,0,1
0,0,237205029,237205029,0,40568,0,0,34,0,0,4,0,3,2,0,0,1
113,237208618,237218337,9719,2156,0,101,7095,34,16,1,4,0,3,2,0,0,1
0,0,238060229,238060229,0,14748,0,0,34,0,0,4,0,3,2,0,0,1
114,238063761,238073207,9446,2156,0,91,6812,34,16,1,4,0,3,2,0,0,1
0,0,238822932,238822932,0,5935,0,0,34,0,0,4,0,3,2,0,0,1
115,238824869,238836994,12125,1837,0,96,9903,34,16,1,4,0,3,2,0,0,1
0,0,239572501,239572501,0,4793,0,0,34,0,0,4,0,3,2,0,0,1
116,239574315,239579592,5277,2004,0,84,2948,34,16,1,4,0,3,2,0,0,1
0,0,240480684,240480684,0,13791,0,0,34,0,0,4,0,3,2,0,0,1
117,240484136,240493652,9516,2101,0,108,6929,34,16,1,4,0,3,2,0,0,1
0,0,241247118,241247118,0,6320,0,0,34,0,0,4,0,3,2,0,0,1
118,241249123,241255590,6467,1793,0,91,4266,34,16,1,4,0,3,2,0,0,1
0,0,242131592,242131592,0,14844,0,0,34,0,0,4,0,3,2,0,0,1
119,242135304,242145173,9869,2091,0,106,7277,34,16,1,4,0,3,2,0,0,1
0,0,242977856,242977856,0,15320,0,0,34,0,0,4,0,3,2,0,0,1
120,242981420,242992679,11259,2207,0,100,8563,34,16,1,4,0,3,2,0,0,1
0,0,243884753,243884753,0,11861,0,0,34,0,0,4,0,3,2,0,0,1
121,243887986,243896772,8786,1999,0,107,6333,34,16,1,4,0,3,2,0,0,1
0,0,244700781,244700781,0,13913,0,0,34,0,0,4,0,3,2,0,0,1
122,244704294,244714123,9829,2081,0,100,7276,34,16,1,4,0,3,2,0,0,1
0,0,245533520,245533520,0,14376,0,0,34,0,0,4,0,3,2,0,0,1
123,245537069,245546348,9279,2005,0,102,6802,34,16,1,4,0,3,2,0,0,1
0,0,246306414,246306414,0,4633,0,0,34,0,0,4,0,3,2,0,0,1
124,246308146,246313687,5541,1905,0,86,3276,34,16,1,4,0,3,2,0,0,1
0,0,247105557,247105557,0,12070,0,0,34,0,0,4,0,3,2,0,0,1
125,247109016,247117777,8761,1917,0,125,6372,34,16,1,4,0,3,2,0,0,1
0,0,247880058,247880058,0,6824,0,0,34,0,0,4,0,3,2,0,0,1
126,247882280,247888951,6671,1857,0,123,4419,34,16,1,4,0,3,2,0,0,1
0,0,248720741,248720741,0,14358,0,0,34,0,0,4,0,3,2,0,0,1
127,248724413,248733743,9330,2023,0,102,6812,34,16,1,4,0,3,2,0,0,1
0,0,249471879,249471879,0,4643,0,0,34,0,0,4,0,3,2,0,0,1
128,249473665,249478824,5159,2009,0,84,2759,34,16,1,4,0,3,2,0,0,1
0,0,250314355,250314355,0,14994,0,0,34,0,0,4,0,3,2,0,0,1
129,250318045,250327633,9588,2094,0,88,7025,34,16,1,4,0,3,2,0,0,1
0,0,251110621,251110621,0,10479,0,0,34,0,0,4,0,3,2,0,0,1
130,251113900,251121848,7948,2018,0,101,5531,34,16,1,4,0,3,2,0,0,1
0,0,251881731,251881731,0,5943,0,0,34,0,0,4,0,3,2,0,0,1
131,251884016,251889881,5865,1923,0,108,3572,34,16,1,4,0,3,2,0,0,1
0,0,252690811,252690811,0,11997,0,0,34,0,0,4,0,3,2,0,0,1
132,252694211,252703301,9090,2011,0,111,6581,34,16,1,4,0,3,2,0,0,1
0,0,253527640,253527640,0,14195,0,0,34,0,0,4,0,3,2,0,0,1
133,253531277,253540885,9608,2063,0,100,7092,34,16,1,4,0,3,2,0,0,1
0,0,254337588,254337588,0,10687,0,0,34,0,0,4,0,3,2,0,0,1
134,254340749,254348759,8010,1954,0,81,5619,34,16,1,4,0,3,2,0,0,1
0,0,255091972,255091972,0,6286,0,0,34,0,0,4,0,3,2,0,0,1
135,255093998,255100413,6415,2042,0,88,3985,34,16,1,4,0,3,2,0,0,1
0,0,255829858,255829858,0,4132,0,0,34,0,0,4,0,3,2,0,0,1
136,255831483,255835881,4398,1875,0,77,2208,34,16,1,4,0,3,2,0,0,1
0,0,256562554,256562554,0,3577,0,0,34,0,0,4,0,3,2,0,0,1
137,256564144,256568488,4344,2134,0,82,1895,34,16,1,4,0,3,2,0,0,1
0,0,257312897,257312897,0,5129,0,0,34,0,0,4,0,3,2,0,0,1
138,257314735,257319931,5196,1934,0,80,2956,34,16,1,4,0,3,2,0,0,1
0,0,258043041,258043041,0,3462,0,0,34,0,0,4,0,3,2,0,0,1
139,258044698,258048931,4233,2073,0,82,1860,34,16,1,4,0,3,2,0,0,1
0,0,258879511,258879511,0,14339,0,0,34,0,0,4,0,3,2,0,0,1
140,258899036,258906421,7385,2220,0,101,4671,34,16,1,4,0,3,2,0,0,1
0,0,259722098,259722098,0,14382,0,0,34,0,0,4,0,3,2,0,0,1
141,259725633,259736288,10655,2198,0,101,8011,34,16,1,4,0,3,2,0,0,1
0,0,260515375,260515375,0,8038,0,0,34,0,0,4,0,3,2,0,0,1
142,260517978,260525663,7685,1989,0,107,5266,34,16,1,4,0,3,2,0,0,1
0,0,261275855,261275855,0,4706,0,0,34,0,0,4,0,3,2,0,0,1
143,261277664,261282591,4927,2015,0,115,2545,34,16,1,4,0,3,2,0,0,1
0,0,262030228,262030228,0,4723,0,0,34,0,0,4,0,3,2,0,0,1
144,262032057,262036762,4705,1924,0,82,2466,34,16,1,4,0,3,2,0,0,1
0,0,262925145,262925145,0,14560,0,0,34,0,0,4,0,3,2,0,0,1
145,262929077,262943747,14670,2071,0,101,12132,34,16,1,4,0,3,2,0,0,1
0,0,263783127,263783127,0,13507,0,0,34,0,0,4,0,3,2,0,0,1
146,263786592,263796205,9613,2030,0,90,7081,34,16,1,4,0,3,2,0,0,1
0,0,264528482,264528482,0,4074,0,0,34,0,0,4,0,3,2,0,0,1
147,264530031,264534531,4500,1768,0,89,2335,34,16,1,4,0,3,2,0,0,1
0,0,265252204,265252204,0,3443,0,0,34,0,0,4,0,3,2,0,0,1
148,265253666,265257464,3798,1828,0,102,1617,34,16,1,4,0,3,2,0,0,1
0,0,265993166,265993166,0,3980,0,0,34,0,0,4,0,3,2,0,0,1
149,265994764,265999454,4690,2107,0,81,2234,34,16,1,4,0,3,2,0,0,1
0,0,266821251,266821251,0,14450,0,0,34,0,0,4,0,3,2,0,0,1
150,266824962,266834821,9859,2024,0,110,7339,34,16,1,4,0,3,2,0,0,1
0,0,267600214,267600214,0,5808,0,0,34,0,0,4,0,3,2,0,0,1
151,267602151,267608669,6518,2080,0,90,4086,34,16,1,4,0,3,2,0,0,1
0,0,268451998,268451998,0,9203,0,0,34,0,0,4,0,3,2,0,0,1
152,268454790,268462856,8066,2159,0,112,5434,34,16,1,4,0,3,2,0,0,1
0,0,269314526,269314526,0,19316,0,0,34,0,0,4,0,3,2,0,0,1
153,269318091,269327699,9608,2320,0,89,6838,34,16,1,4,0,3,2,0,0,1
0,0,270094439,270094439,0,5649,0,0,34,0,0,4,0,3,2,0,0,1
154,270096409,270102980,6571,1867,0,114,4301,34,16,1,4,0,3,2,0,0,1
0,0,270851468,270851468,0,3804,0,0,34,0,0,4,0,3,2,0,0,1
155,270853072,270857564,4492,2092,0,106,2057,34,16,1,4,0,3,2,0,0,1
0,0,271598104,271598104,0,3761,0,0,34,0,0,4,0,3,2,0,0,1
156,271599676,271603939,4263,1995,0,85,1955,34,16,1,4,0,3,2,0,0,1
0,0,272345091,272345091,0,3475,0,0,34,0,0,4,0,3,2,0,0,1
157,272346680,272350760,4080,2093,0,79,1699,34,16,1,4,0,3,2,0,0,1
0,0,273098076,273098076,0,4948,0,0,34,0,0,4,0,3,2,0,0,1
158,273099922,273104827,4905,1935,0,85,2597,34,16,1,4,0,3,2,0,0,1
0,0,273843073,273843073,0,3572,0,0,34,0,0,4,0,3,2,0,0,1
159,273844560,273848933,4373,2087,0,84,1957,34,16,1,4,0,3,2,0,0,1
0,0,274586674,274586674,0,3483,0,0,34,0,0,4,0,3,2,0,0,1
160,274588216,274592392,4176,2037,0,103,1774,34,16,1,4,0,3,2,0,0,1
0,0,275334362,275334362,0,3379,0,0,34,0,0,4,0,3,2,0,0,1
161,275335823,275339832,4009,1985,0,94,1682,34,16,1,4,0,3,2,0,0,1
0,0,276076770,276076770,0,3367,0,0,34,0,0,4,0,3,2,0,0,1
162,276078338,276082504,4166,2030,0,113,1769,34,16,1,4,0,3,2,0,0,1
0,0,276821074,276821074,0,3378,0,0,34,0,0,4,0,3,2,0,0,1
163,276822646,276826564,3918,1977,0,100,1590,34,16,1,4,0,3,2,0,0,1
0,0,277574366,277574366,0,5253,0,0,34,0,0,4,0,3,2,0,0,1
164,277576444,277581287,4843,2055,0,111,2399,34,16,1,4,0,3,2,0,0,1
0,0,278328933,278328933,0,4148,0,0,34,0,0,4,0,3,2,0,0,1
165,278330686,278335225,4539,2058,0,86,2103,34,16,1,4,0,3,2,0,0,1
0,0,279079751,279079751,0,4477,0,0,34,0,0,4,0,3,2,0,0,1
166,279081479,279086127,4648,1999,0,90,2294,34,16,1,4,0,3,2,0,0,1
0,0,279827777,279827777,0,3435,0,0,34,0,0,4,0,3,2,0,0,1
167,279829302,279833537,4235,1946,0,97,1934,34,16,1,4,0,3,2,0,0,1
0,0,280677144,280677144,0,14476,0,0,34,0,0,4,0,3,2,0,0,1
168,280680845,280690472,9627,2004,0,90,7144,34,16,1,4,0,3,2,0,0,1
0,0,281472092,281472092,0,6009,0,0,34,0,0,4,0,3,2,0,0,1
169,281474122,281480724,6602,1940,0,84,4322,34,16,1,4,0,3,2,0,0,1
0,0,282223567,282223567,0,3521,0,0,34,0,0,4,0,3,2,0,0,1
170,282225133,282230278,5145,1966,0,93,2836,34,16,1,4,0,3,2,0,0,1
0,0,282969731,282969731,0,3571,0,0,34,0,0,4,0,3,2,0,0,1
171,282971244,282975357,4113,2122,0,85,1643,34,16,1,4,0,3,2,0,0,1
0,0,283713346,283713346,0,3372,0,0,34,0,0,4,0,3,2,0,0,1
172,283714928,283718930,4002,2059,0,92,1583,34,16,1,4,0,3,2,0,0,1
0,0,284456964,284456964,0,3385,0,0,34,0,0,4,0,3,2,0,0,1
173,284458514,284462586,4072,2076,0,90,1664,34,16,1,4,0,3,2,0,0,1
0,0,285202971,285202971,0,3890,0,0,34,0,0,4,0,3,2,0,0,1
174,285204603,285208939,4336,2052,0,83,1949,34,16,1,4,0,3,2,0,0,1
0,0,286035469,286035469,0,14285,0,0,34,0,0,4,0,3,2,0,0,1
175,286039081,286048727,9646,1962,0,90,7201,34,16,1,4,0,3,2,0,0,1
0,0,286788402,286788402,0,5072,0,0,34,0,0,4,0,3,2,0,0,1
176,286790151,286796069,5918,1825,0,107,3676,34,16,1,4,0,3,2,0,0,1
0,0,287539518,287539518,0,5901,0,0,34,0,0,4,0,3,2,0,0,1
177,287541851,287547635,5784,1980,0,113,3429,34,16,1,4,0,3,2,0,0,1
0,0,288313307,288313307,0,19881,0,0,34,0,0,4,0,3,2,0,0,1
178,288316991,288327011,10020,2522,0,90,7069,34,16,1,4,0,3,2,0,0,1
0,0,289051660,289051660,0,4907,0,0,34,0,0,4,0,3,2,0,0,1
179,289053580,289058685,5105,1820,0,116,2919,34,16,1,4,0,3,2,0,0,1
0,0,289803911,289803911,0,4525,0,0,34,0,0,4,0,3,2,0,0,1
180,289805771,289811008,5237,2026,0,79,2877,34,16,1,4,0,3,2,0,0,1
0,0,290557059,290557059,0,3658,0,0,34,0,0,4,0,3,2,0,0,1
181,290558686,290563251,4565,2046,0,84,2209,34,16,1,4,0,3,2,0,0,1
0,0,291310197,291310197,0,8812,0,0,34,0,0,4,0,3,2,0,0,1
182,291311790,291316095,4305,2297,0,81,1700,34,16,1,4,0,3,2,0,0,1
0,0,292055626,292055626,0,3611,0,0,34,0,0,4,0,3,2,0,0,1
183,292057169,292061222,4053,1898,0,114,1798,34,16,1,4,0,3,2,0,0,1
0,0,292802438,292802438,0,3474,0,0,34,0,0,4,0,3,2,0,0,1
184,292803942,292808130,4188,2113,0,87,1722,34,16,1,4,0,3,2,0,0,1
0,0,293548040,293548040,0,3648,0,0,34,0,0,4,0,3,2,0,0,1
185,293549594,293554026,4432,2092,0,92,1990,34,16,1,4,0,3,2,0,0,1
0,0,294324519,294324519,0,7546,0,0,34,0,0,4,0,3,2,0,0,1
186,294326919,294333788,6869,2738,0,93,3736,34,16,1,4,0,3,2,0,0,1
0,0,295146853,295146853,0,13271,0,0,34,0,0,4,0,3,2,0,0,1
187,295150067,295158354,8287,2353,0,112,5472,34,16,1,4,0,3,2,0,0,1
0,0,295940127,295940127,0,7394,0,0,34,0,0,4,0,3,2,0,0,1
188,295942249,295948757,6508,1955,0,99,4176,34,16,1,4,0,3,2,0,0,1
0,0,296710505,296710505,0,4272,0,0,34,0,0,4,0,3,2,0,0,1
189,296712224,296717178,4954,1950,0,120,2642,34,16,1,4,0,3,2,0,0,1
0,0,297463346,297463346,0,4940,0,0,34,0,0,4,0,3,2,0,0,1
190,297465248,297470176,4928,2093,0,125,2460,34,16,1,4,0,3,2,0,0,1
0,0,298222138,298222138,0,5243,0,0,34,0,0,4,0,3,2,0,0,1
191,298224054,298228978,4924,2066,0,107,2493,34,16,1,4,0,3,2,0,0,1
0,0,298983710,298983710,0,5548,0,0,34,0,0,4,0,3,2,0,0,1
192,298985858,298991930,6072,3200,0,122,2498,34,16,1,4,0,3,2,0,0,1
0,0,299748890,299748890,0,4774,0,0,34,0,0,4,0,3,2,0,0,1
193,299750828,299755778,4950,1929,0,118,2656,34,16,1,4,0,3,2,0,0,1
0,0,300589646,300589646,0,16753,0,0,34,0,0,4,0,3,2,0,0,1
194,300593956,300606479,12523,2929,0,113,9078,34,16,1,4,0,3,2,0,0,1
0,0,301391097,301391097,0,7611,0,0,34,0,0,4,0,3,2,0,0,1
195,301393410,301400772,7362,2009,0,125,4907,34,16,1,4,0,3,2,0,0,1
0,0,302234813,302234813,0,10228,0,0,34,0,0,4,0,3,2,0,0,1
196,302237838,302245078,7240,1901,0,114,4965,34,16,1,4,0,3,2,0,0,1
0,0,302994437,302994437,0,5417,0,0,34,0,0,4,0,3,2,0,0,1
197,302996253,303001330,5077,1981,0,118,2736,34,16,1,4,0,3,2,0,0,1
0,0,303741776,303741776,0,3970,0,0,34,0,0,4,0,3,2,0,0,1
198,303743257,303747737,4480,2091,0,82,2049,34,16,1,4,0,3,2,0,0,1
0,0,304494726,304494726,0,4642,0,0,34,0,0,4,0,3,2,0,0,1
199,304496293,304501048,4755,1937,0,89,2501,34,16,1,4,0,3,2,0,0,1
0,0,305253290,305253290,0,4423,0,0,34,0,0,4,0,3,2,0,0,1
200,305254901,305259525,4624,2076,0,93,2244,34,16,1,4,0,3,2,0,0,1
0,0,306011802,306011802,0,4600,0,0,34,0,0,4,0,3,2,0,0,1
1,306766405,306778170,11765,11024,0,101,379,34,16,1,4,0,3,2,0,0,1
0,0,307531131,307531131,0,7018,0,0,34,0,0,4,0,3,2,0,0,1
2,307533160,307538718,5558,1836,0,91,3329,34,16,1,4,0,3,2,0,0,1
0,0,308262062,308262062,0,5253,0,0,34,0,0,4,0,3,2,0,0,1
3,308264104,308269313,5209,2179,0,80,2653,34,16,1,4,0,3,2,0,0,1
0,0,308997536,308997536,0,3945,0,0,34,0,0,4,0,3,2,0,0,1
4,308999363,309003461,4098,1970,0,87,1789,34,16,1,4,0,3,2,0,0,1
0,0,309742849,309742849,0,5511,0,0,34,0,0,4,0,3,2,0,0,1
5,309744721,309749572,4851,2114,0,76,2428,34,16,1,4,0,3,2,0,0,1
0,0,310475711,310475711,0,5545,0,0,34,0,0,4,0,3,2,0,0,1
6,310477944,310482990,5046,2093,0,111,2567,34,16,1,4,0,3,2,0,0,1
0,0,311203092,311203092,0,3681,0,0,34,0,0,4,0,3,2,0,0,1
7,311218100,311222327,4227,1974,0,83,1920,34,16,1,4,0,3,2,0,0,1
0,0,311943937,311943937,0,4635,0,0,34,0,0,4,0,3,2,0,0,1
8,311946202,311950607,4405,1923,0,85,2160,34,16,1,4,0,3,2,0,0,1
0,0,312673284,312673284,0,4642,0,0,34,0,0,4,0,3,2,0,0,1
9,312675085,312679522,4437,1963,0,109,2122,34,16,1,4,0,3,2,0,0,1
0,0,313403971,313403971,0,4771,0,0,34,0,0,4,0,3,2,0,0,1
10,313405893,313411079,5186,2018,0,83,2850,34,16,1,4,0,3,2,0,0,1
0,0,314127251,314127251,0,3700,0,0,34,0,0,4,0,3,2,0,0,1
11,314128929,314133017,4088,2011,0,106,1741,34,16,1,4,0,3,2,0,0,1
0,0,314858677,314858677,0,4776,0,0,34,0,0,4,0,3,2,0,0,1
12,314860869,314866096,5227,2839,0,103,2046,34,16,1,4,0,3,2,0,0,1
0,0,315595115,315595115,0,4238,0,0,34,0,0,4,0,3,2,0,0,1
13,315596899,315601324,4425,1992,0,82,2087,34,16,1,4,0,3,2,0,0,1
0,0,316334880,316334880,0,4536,0,0,34,0,0,4,0,3,2,0,0,1
14,316337227,316344801,7574,2961,0,117,4198,34,16,1,4,0,3,2,0,0,1
0,0,317089837,317089837,0,5211,0,0,34,0,0,4,0,3,2,0,0,1
15,317092244,317098304,6060,2930,0,102,2722,34,16,1,4,0,3,2,0,0,1
0,0,317825170,317825170,0,6883,0,0,34,0,0,4,0,3,2,0,0,1
16,317827587,317833865,6278,3151,0,115,2704,34,16,1,4,0,3,2,0,0,1
0,0,318562157,318562157,0,5033,0,0,34,0,0,4,0,3,2,0,0,1
17,318564364,318570357,5993,3032,0,129,2522,34,16,1,4,0,3,2,0,0,1
0,0,319291816,319291816,0,4577,0,0,34,0,0,4,0,3,2,0,0,1
18,319294035,319299410,5375,2683,0,106,2341,34,16,1,4,0,3,2,0,0,1
0,0,320019225,320019225,0,4727,0,0,34,0,0,4,0,3,2,0,0,1
19,320021538,320027066,5528,2799,0,120,2300,34,16,1,4,0,3,2,0,0,1
0,0,320746947,320746947,0,4442,0,0,34,0,0,4,0,3,2,0,0,1
20,320748737,320753234,4497,2062,0,107,2109,34,16,1,4,0,3,2,0,0,1
0,0,321481986,321481986,0,5235,0,0,34,0,0,4,0,3,2,0,0,1
21,321484329,321490157,5828,2898,0,122,2520,34,16,1,4,0,3,2,0,0,1
0,0,322221803,322221803,0,5986,0,0,34,0,0,4,0,3,2,0,0,1
22,322224259,322230513,6254,3099,0,128,2732,34,16,1,4,0,3,2,0,0,1
0,0,322954911,322954911,0,4770,0,0,34,0,0,4,0,3,2,0,0,1
23,322956816,322961443,4627,2046,0,103,2265,34,16,1,4,0,3,2,0,0,1
0,0,323690967,323690967,0,4460,0,0,34,0,0,4,0,3,2,0,0,1
24,323692816,323697409,4593,2000,0,117,2242,34,16,1,4,0,3,2,0,0,1
0,0,324422105,324422105,0,4097,0,0,34,0,0,4,0,3,2,0,0,1
25,324423801,324428190,4389,1993,0,119,2021,34,16,1,4,0,3,2,0,0,1
0,0,325160435,325160435,0,4999,0,0,34,0,0,4,0,3,2,0,0,1
26,325162684,325185399,22715,2940,0,116,19372,34,16,1,4,0,3,2,0,0,1
0,0,325915007,325915007,0,5600,0,0,34,0,0,4,0,3,2,0,0,1
27,325917191,325923182,5991,3139,0,126,2440,34,16,1,4,0,3,2,0,0,1
0,0,326640388,326640388,0,3511,0,0,34,0,0,4,0,3,2,0,0,1
28,326642000,326646068,4068,1998,0,103,1737,34,16,1,4,0,3,2,0,0,1
0,0,327364051,327364051,0,3516,0,0,34,0,0,4,0,3,2,0,0,1
29,327365676,327369919,4243,1972,0,84,1924,34,16,1,4,0,3,2,0,0,1
0,0,328083905,328083905,0,3512,0,0,34,0,0,4,0,3,2,0,0,1
30,328085624,328093230,7606,2027,0,109,5212,34,16,1,4,0,3,2,0,0,1
0,0,328808304,328808304,0,3433,0,0,34,0,0,4,0,3,2,0,0,1
31,328809924,328813819,3895,2065,0,91,1506,34,16,1,4,0,3,2,0,0,1
0,0,329529164,329529164,0,3372,0,0,34,0,0,4,0,3,2,0,0,1
32,329530741,329534840,4099,2051,0,96,1714,34,16,1,4,0,3,2,0,0,1
0,0,330262965,330262965,0,3765,0,0,34,0,0,4,0,3,2,0,0,1
33,330264521,330268494,3973,2020,0,104,1585,34,16,1,4,0,3,2,0,0,1
0,0,331010675,331010675,0,3475,0,0,34,0,0,4,0,3,2,0,0,1
34,331012306,331016466,4160,2088,0,108,1706,34,16,1,4,0,3,2,0,0,1
0,0,331760675,331760675,0,3491,0,0,34,0,0,4,0,3,2,0,0,1
35,331762261,331766181,3920,1954,0,105,1597,34,16,1,4,0,3,2,0,0,1
0,0,332515968,332515968,0,5052,0,0,34,0,0,4,0,3,2,0,0,1
36,332517750,332522388,4638,2088,0,112,2174,34,16,1,4,0,3,2,0,0,1
0,0,333280501,333280501,0,4609,0,0,34,0,0,4,0,3,2,0,0,1
37,333282155,333286748,4593,2078,0,103,2129,34,16,1,4,0,3,2,0,0,1
0,0,334030707,334030707,0,3540,0,0,34,0,0,4,0,3,2,0,0,1
38,334032380,334036467,4087,2054,0,115,1678,34,16,1,4,0,3,2,0,0,1
0,0,334789020,334789020,0,3562,0,0,34,0,0,4,0,3,2,0,0,1
39,334790576,334794773,4197,1989,0,130,1831,34,16,1,4,0,3,2,0,0,1
0,0,335534199,335534199,0,3562,0,0,34,0,0,4,0,3,2,0,0,1
40,335535818,335540057,4239,2112,0,103,1762,34,16,1,4,0,3,2,0,0,1
0,0,336281991,336281991,0,3508,0,0,34,0,0,4,0,3,2,0,0,1
41,336283558,336287547,3989,2026,0,101,1589,34,16,1,4,0,3,2,0,0,1
0,0,337029253,337029253,0,3411,0,0,34,0,0,4,0,3,2,0,0,1
42,337030892,337035089,4197,2104,0,101,1715,34,16,1,4,0,3,2,0,0,1
0,0,337788423,337788423,0,3701,0,0,34,0,0,4,0,3,2,0,0,1
43,337790080,337794621,4541,2045,0,115,2117,34,16,1,4,0,3,2,0,0,1
0,0,338534532,338534532,0,3445,0,0,34,0,0,4,0,3,2,0,0,1
44,338536132,338540126,3994,1992,0,124,1582,34,16,1,4,0,3,2,0,0,1
0,0,339278821,339278821,0,3456,0,0,34,0,0,4,0,3,2,0,0,1
45,339280338,339284432,4094,2010,0,103,1693,34,16,1,4,0,3,2,0,0,1
0,0,340022420,340022420,0,3586,0,0,34,0,0,4,0,3,2,0,0,1
46,340024029,340028240,4211,2136,0,106,1694,34,16,1,4,0,3,2,0,0,1
0,0,340780583,340780583,0,3562,0,0,34,0,0,4,0,3,2,0,0,1
47,340782172,340786106,3934,2024,0,117,1511,34,16,1,4,0,3,2,0,0,1
0,0,341526394,341526394,0,3461,0,0,34,0,0,4,0,3,2,0,0,1
48,341527975,341532211,4236,2153,0,100,1690,34,16,1,4,0,3,2,0,0,1
0,0,342276379,342276379,0,3401,0,0,34,0,0,4,0,3,2,0,0,1
49,342278010,342282165,4155,2061,0,100,1710,34,16,1,4,0,3,2,0,0,1
0,0,343022000,343022000,0,3378,0,0,34,0,0,4,0,3,2,0,0,1
50,343023566,343027523,3957,2015,0,106,1572,34,16,1,4,0,3,2,0,0,1
0,0,343788024,343788024,0,3685,0,0,34,0,0,4,0,3,2,0,0,1
51,343789577,343793614,4037,2021,0,100,1636,34,16,1,4,0,3,2,0,0,1
0,0,344533445,344533445,0,3480,0,0,34,0,0,4,0,3,2,0,0,1
52,344535123,344539105,3982,2101,0,116,1516,34,16,1,4,0,3,2,0,0,1
0,0,345280595,345280595,0,3404,0,0,34,0,0,4,0,3,2,0,0,1
53,345282217,345286207,3990,2055,0,99,1587,34,16,1,4,0,3,2,0,0,1
0,0,346028051,346028051,0,3453,0,0,34,0,0,4,0,3,2,0,0,1
54,346029658,346033707,4049,2057,0,99,1651,34,16,1,4,0,3,2,0,0,1
0,0,346788495,346788495,0,3473,0,0,34,0,0,4,0,3,2,0,0,1
55,346790113,346794116,4003,2062,0,102,1610,34,16,1,4,0,3,2,0,0,1
0,0,347533381,347533381,0,3462,0,0,34,0,0,4,0,3,2,0,0,1
56,347534946,347538942,3996,2095,0,118,1517,34,16,1,4,0,3,2,0,0,1
0,0,348279872,348279872,0,3531,0,0,34,0,0,4,0,3,2,0,0,1
57,348281420,348285364,3944,2030,0,121,1508,34,16,1,4,0,3,2,0,0,1
0,0,349024053,349024053,0,3525,0,0,34,0,0,4,0,3,2,0,0,1
58,349025662,349029819,4157,1952,0,103,1841,34,16,1,4,0,3,2,0,0,1
0,0,349783099,349783099,0,3637,0,0,34,0,0,4,0,3,2,0,0,1
59,349784703,349788730,4027,2090,0,103,1598,34,16,1,4,0,3,2,0,0,1
0,0,350505559,350505559,0,3514,0,0,34,0,0,4,0,3,2,0,0,1
60,350507165,350513703,6538,2074,0,123,4092,34,16,1,4,0,3,2,0,0,1
0,0,351229362,351229362,0,3394,0,0,34,0,0,4,0,3,2,0,0,1
61,351230887,351235206,4319,2059,0,122,1861,34,16,1,4,0,3,2,0,0,1
0,0,351954126,351954126,0,3428,0,0,34,0,0,4,0,3,2,0,0,1
62,351955671,351960802,5131,2110,0,106,2658,34,16,1,4,0,3,2,0,0,1
0,0,352676277,352676277,0,3517,0,0,34,0,0,4,0,3,2,0,0,1
63,352677882,352682077,4195,2134,0,103,1707,34,16,1,4,0,3,2,0,0,1
0,0,353398541,353398541,0,3403,0,0,34,0,0,4,0,3,2,0,0,1
64,353400098,353404147,4049,2102,0,119,1575,34,16,1,4,0,3,2,0,0,1
0,0,354133821,354133821,0,3846,0,0,34,0,0,4,0,3,2,0,0,1
65,354135362,354139653,4291,2177,0,101,1755,34,16,1,4,0,3,2,0,0,1
0,0,354882460,354882460,0,3536,0,0,34,0,0,4,0,3,2,0,0,1
66,354883997,354888098,4101,2069,0,125,1655,34,16,1,4,0,3,2,0,0,1
0,0,355627767,355627767,0,3436,0,0,34,0,0,4,0,3,2,0,0,1
67,355629336,355633278,3942,2098,0,117,1494,34,16,1,4,0,3,2,0,0,1
0,0,356375610,356375610,0,3843,0,0,34,0,0,4,0,3,2,0,0,1
68,356377290,356381595,4305,2057,0,106,1880,34,16,1,4,0,3,2,0,0,1
0,0,357121982,357121982,0,3472,0,0,34,0,0,4,0,3,2,0,0,1
69,357123692,357127627,3935,2072,0,122,1491,34,16,1,4,0,3,2,0,0,1
0,0,357869062,357869062,0,3446,0,0,34,0,0,4,0,3,2,0,0,1
70,357870719,357874878,4159,2142,0,102,1662,34,16,1,4,0,3,2,0,0,1
0,0,358614127,358614127,0,3383,0,0,34,0,0,4,0,3,2,0,0,1
71,358615687,358619623,3936,2062,0,104,1509,34,16,1,4,0,3,2,0,0,1
0,0,359360171,359360171,0,3468,0,0,34,0,0,4,0,3,2,0,0,1
72,359361769,359365729,3960,2037,0,104,1553,34,16,1,4,0,3,2,0,0,1
0,0,360106062,360106062,0,3435,0,0,34,0,0,4,0,3,2,0,0,1
73,360107612,360111485,3873,2026,0,100,1490,34,16,1,4,0,3,2,0,0,1
0,0,360899830,360899830,0,13926,0,0,34,0,0,4,0,3,2,0,0,1
74,360903112,360912957,9845,2106,0,89,7216,34,16,1,4,0,3,2,0,0,1
0,0,361661834,361661834,0,3957,0,0,34,0,0,4,0,3,2,0,0,1
75,361663331,361667791,4460,1812,0,86,2249,34,16,1,4,0,3,2,0,0,1
0,0,362414076,362414076,0,3539,0,0,34,0,0,4,0,3,2,0,0,1
76,362415542,362419566,4024,1954,0,105,1698,34,16,1,4,0,3,2,0,0,1
0,0,363161806,363161806,0,3670,0,0,34,0,0,4,0,3,2,0,0,1
77,363163335,363188369,25034,2025,0,125,22634,34,16,1,4,0,3,2,0,0,1
0,0,363929507,363929507,0,3591,0,0,34,0,0,4,0,3,2,0,0,1
78,363930972,363935124,4152,2009,0,108,1784,34,16,1,4,0,3,2,0,0,1
0,0,364675094,364675094,0,3542,0,0,34,0,0,4,0,3,2,0,0,1
79,364676697,364680821,4124,2112,0,104,1645,34,16,1,4,0,3,2,0,0,1
0,0,365421257,365421257,0,3407,0,0,34,0,0,4,0,3,2,0,0,1
80,365422761,365426792,4031,2048,0,128,1578,34,16,1,4,0,3,2,0,0,1
0,0,366185629,366185629,0,3808,0,0,34,0,0,4,0,3,2,0,0,1
81,366187249,366191291,4042,2030,0,103,1631,34,16,1,4,0,3,2,0,0,1
0,0,366911332,366911332,0,3523,0,0,34,0,0,4,0,3,2,0,0,1
82,366912837,366917036,4199,2076,0,118,1765,34,16,1,4,0,3,2,0,0,1
0,0,367632966,367632966,0,3416,0,0,34,0,0,4,0,3,2,0,0,1
83,367634504,367638376,3872,2006,0,105,1493,34,16,1,4,0,3,2,0,0,1
0,0,368355606,368355606,0,3603,0,0,34,0,0,4,0,3,2,0,0,1
84,368357087,368361389,4302,2040,0,102,1898,34,16,1,4,0,3,2,0,0,1
0,0,369075099,369075099,0,3398,0,0,34,0,0,4,0,3,2,0,0,1
85,369076626,369094679,18053,1996,0,118,15700,34,16,1,4,0,3,2,0,0,1
0,0,369791916,369791916,0,3714,0,0,34,0,0,4,0,3,2,0,0,1
86,369793436,369797515,4079,2078,0,101,1654,34,16,1,4,0,3,2,0,0,1
0,0,370538397,370538397,0,3676,0,0,34,0,0,4,0,3,2,0,0,1
87,370539892,370543843,3951,2028,0,119,1550,34,16,1,4,0,3,2,0,0,1
0,0,371293836,371293836,0,4569,0,0,34,0,0,4,0,3,2,0,0,1
88,371295370,371299644,4274,2138,0,126,1780,34,16,1,4,0,3,2,0,0,1
0,0,372040258,372040258,0,3616,0,0,34,0,0,4,0,3,2,0,0,1
89,372041790,372045676,3886,2039,0,90,1506,34,16,1,4,0,3,2,0,0,1
0,0,372797621,372797621,0,3645,0,0,34,0,0,4,0,3,2,0,0,1
90,372799050,372803087,4037,2081,0,102,1605,34,16,1,4,0,3,2,0,0,1
0,0,373564108,373564108,0,4003,0,0,34,0,0,4,0,3,2,0,0,1
91,373565584,373569516,3932,1928,0,98,1679,34,16,1,4,0,3,2,0,0,1
0,0,374332310,374332310,0,4979,0,0,34,0,0,4,0,3,2,0,0,1
92,374333942,374338284,4342,1932,0,98,2078,34,16,1,4,0,3,2,0,0,1
0,0,375079288,375079288,0,3515,0,0,34,0,0,4,0,3,2,0,0,1
93,375080727,375084789,4062,2057,0,108,1654,34,16,1,4,0,3,2,0,0,1
0,0,375824056,375824056,0,3440,0,0,34,0,0,4,0,3,2,0,0,1
94,375825606,375829724,4118,2004,0,94,1775,34,16,1,4,0,3,2,0,0,1
0,0,376571081,376571081,0,3577,0,0,34,0,0,4,0,3,2,0,0,1
95,376572563,376577252,4689,2066,0,106,2264,34,16,1,4,0,3,2,0,0,1
0,0,377316863,377316863,0,3411,0,0,34,0,0,4,0,3,2,0,0,1
96,377318367,377322304,3937,2050,0,99,1532,34,16,1,4,0,3,2,0,0,1
0,0,378061822,378061822,0,3504,0,0,34,0,0,4,0,3,2,0,0,1
97,378063348,378067246,3898,2055,0,91,1496,34,16,1,4,0,3,2,0,0,1
0,0,378813944,378813944,0,3470,0,0,34,0,0,4,0,3,2,0,0,1
98,378815462,378819411,3949,2004,0,111,1554,34,16,1,4,0,3,2,0,0,1
0,0,379562092,379562092,0,3414,0,0,34,0,0,4,0,3,2,0,0,1
99,379563571,379567594,4023,2145,0,98,1525,34,16,1,4,0,3,2,0,0,1
0,0,380306532,380306532,0,3485,0,0,34,0,0,4,0,3,2,0,0,1
100,380308079,380311906,3827,1993,0,97,1477,34,16,1,4,0,3,2,0,0,1
0,0,381050948,381050948,0,3398,0,0,34,0,0,4,0,3,2,0,0,1
101,381052411,381056351,3940,2054,0,87,1527,34,16,1,4,0,3,2,0,0,1
0,0,381799155,381799155,0,3400,0,0,34,0,0,4,0,3,2,0,0,1
102,381800640,381804648,4008,2061,0,119,1561,34,16,1,4,0,3,2,0,0,1
0,0,382545829,382545829,0,3405,0,0,34,0,0,4,0,3,2,0,0,1
103,382547358,382551411,4053,2110,0,87,1608,34,16,1,4,0,3,2,0,0,1
0,0,383295089,383295089,0,3389,0,0,34,0,0,4,0,3,2,0,0,1
104,383296587,383300616,4029,2045,0,104,1632,34,16,1,4,0,3,2,0,0,1
0,0,384039011,384039011,0,3362,0,0,34,0,0,4,0,3,2,0,0,1
105,384040433,384044603,4170,2043,0,98,1788,34,16,1,4,0,3,2,0,0,1
0,0,384797856,384797856,0,3669,0,0,34,0,0,4,0,3,2,0,0,1
106,384799382,384803591,4209,2034,0,97,1823,34,16,1,4,0,3,2,0,0,1
0,0,385547583,385547583,0,3395,0,0,34,0,0,4,0,3,2,0,0,1
107,385549073,385553043,3970,1948,0,81,1660,34,16,1,4,0,3,2,0,0,1
0,0,386295033,386295033,0,3402,0,0,34,0,0,4,0,3,2,0,0,1
108,386307813,386311984,4171,2284,0,114,1554,34,16,1,4,0,3,2,0,0,1
0,0,387051625,387051625,0,3427,0,0,34,0,0,4,0,3,2,0,0,1
109,387053077,387057117,4040,2052,0,113,1637,34,16,1,4,0,3,2,0,0,1
0,0,387796711,387796711,0,3467,0,0,34,0,0,4,0,3,2,0,0,1
110,387798197,387802134,3937,2068,0,122,1499,34,16,1,4,0,3,2,0,0,1
0,0,388542725,388542725,0,3394,0,0,34,0,0,4,0,3,2,0,0,1
111,388544193,388548209,4016,2050,0,92,1613,34,16,1,4,0,3,2,0,0,1
0,0,389287737,389287737,0,3502,0,0,34,0,0,4,0,3,2,0,0,1
112,389289205,389293275,4070,2054,0,93,1670,34,16,1,4,0,3,2,0,0,1
0,0,390032831,390032831,0,3394,0,0,34,0,0,4,0,3,2,0,0,1
113,390034306,390038389,4083,2011,0,104,1711,34,16,1,4,0,3,2,0,0,1
0,0,390797531,390797531,0,3671,0,0,34,0,0,4,0,3,2,0,0,1
114,390798976,390803139,4163,2046,0,90,1764,34,16,1,4,0,3,2,0,0,1
0,0,391543717,391543717,0,3386,0,0,34,0,0,4,0,3,2,0,0,1
115,391545230,391551422,6192,2123,0,91,3731,34,16,1,4,0,3,2,0,0,1
0,0,392293637,392293637,0,3573,0,0,34,0,0,4,0,3,2,0,0,1
116,392295177,392299160,3983,2027,0,121,1604,34,16,1,4,0,3,2,0,0,1
0,0,393051086,393051086,0,5298,0,0,34,0,0,4,0,3,2,0,0,1
117,393052939,393057535,4596,1966,0,80,2316,34,16,1,4,0,3,2,0,0,1
0,0,393803499,393803499,0,3628,0,0,34,0,0,4,0,3,2,3,0,1
118,393804953,393808995,4042,1994,0,105,1683,34,16,1,4,0,3,2,0,0,1
0,0,394555339,394555339,0,3410,0,0,34,0,0,4,0,3,2,0,0,1
119,394556932,394561033,4101,2095,0,82,1665,34,16,1,4,0,3,2,0,0,1
0,0,395305020,395305020,0,3871,0,0,34,0,0,4,0,3,2,0,0,1
120,395306635,395310877,4242,1965,0,103,1956,34,16,1,4,0,3,2,0,0,1
0,0,396053884,396053884,0,3408,0,0,34,0,0,4,0,3,2,0,0,1
121,396055404,396059652,4248,2184,0,103,1717,34,16,1,4,0,3,2,0,0,1
0,0,396798957,396798957,0,3349,0,0,34,0,0,4,0,3,2,0,0,1
122,396800498,396804484,3986,1996,0,80,1665,34,16,1,4,0,3,2,0,0,1
0,0,397673338,397673338,0,14400,0,0,34,0,0,4,0,3,2,0,0,1
123,397676998,397687159,10161,2065,0,89,7648,34,16,1,4,0,3,2,0,0,1
0,0,398481995,398481995,0,12853,0,0,34,0,0,4,0,3,2,0,0,1
124,398485670,398496620,10950,2836,0,129,7570,34,16,1,4,0,3,2,0,0,1
0,0,399270265,399270265,0,8058,0,0,34,0,0,4,0,3,2,0,0,1
125,399273096,399280362,7266,2097,0,101,4797,34,16,1,4,0,3,2,0,0,1
0,0,400115440,400115440,0,13882,0,0,34,0,0,4,0,3,2,0,0,1
126,400119142,400129979,10837,2047,0,97,8293,34,16,1,4,0,3,2,0,0,1
0,0,400905487,400905487,0,6008,0,0,34,0,0,4,0,3,2,0,0,1
127,400907596,400913854,6258,1922,0,120,3905,34,16,1,4,0,3,2,0,0,1
0,0,401656573,401656573,0,3523,0,0,34,0,0,4,0,3,2,0,0,1
128,401658247,401662314,4067,1993,0,98,1727,34,16,1,4,0,3,2,0,0,1
0,0,402403804,402403804,0,3443,0,0,34,0,0,4,0,3,2,0,0,1
129,402405323,402409730,4407,1934,0,97,2137,34,16,1,4,0,3,2,0,0,1
0,0,403151413,403151413,0,3485,0,0,34,0,0,4,0,3,2,0,0,1
130,403152974,403157055,4081,2042,0,78,1728,34,16,1,4,0,3,2,0,0,1
0,0,403899371,403899371,0,3536,0,0,34,0,0,4,0,3,2,0,0,1
131,403900960,403905125,4165,1986,0,80,1820,34,16,1,4,0,3,2,0,0,1
0,0,404646350,404646350,0,3528,0,0,34,0,0,4,0,3,2,0,0,1
132,404647987,404652083,4096,2106,0,93,1644,34,16,1,4,0,3,2,0,0,1
0,0,405391464,405391464,0,3420,0,0,34,0,0,4,0,3,2,0,0,1
133,405392968,405396769,3801,1928,0,88,1533,34,16,1,4,0,3,2,0,0,1
0,0,406135719,406135719,0,3475,0,0,34,0,0,4,0,3,2,0,0,1
134,406137291,406141354,4063,2130,0,96,1583,34,16,1,4,0,3,2,0,0,1
0,0,406884947,406884947,0,3462,0,0,34,0,0,4,0,3,2,0,0,1
135,406886516,406890599,4083,2050,0,109,1668,34,16,1,4,0,3,2,0,0,1
0,0,407635878,407635878,0,3465,0,0,34,0,0,4,0,3,2,0,0,1
136,407637441,407641350,3909,2094,0,87,1476,34,16,1,4,0,3,2,0,0,1
0,0,408381594,408381594,0,3407,0,0,34,0,0,4,0,3,2,0,0,1
137,408383147,408386930,3783,1923,0,89,1514,34,16,1,4,0,3,2,0,0,1
0,0,409125831,409125831,0,3426,0,0,34,0,0,4,0,3,2,0,0,1
138,409127360,409131635,4275,2165,0,93,1764,34,16,1,4,0,3,2,0,0,1
0,0,409873556,409873556,0,4006,0,0,34,0,0,4,0,3,2,0,0,1
139,409875240,409879513,4273,2044,0,97,1874,34,16,1,4,0,3,2,0,0,1
0,0,410625800,410625800,0,3635,0,0,34,0,0,4,0,3,2,0,0,1
140,410627289,410631353,4064,2082,0,89,1650,34,16,1,4,0,3,2,0,0,1
0,0,411374896,411374896,0,3486,0,0,34,0,0,4,0,3,2,0,0,1
141,411376446,411380481,4035,2066,0,108,1591,34,16,1,4,0,3,2,0,0,1
0,0,412124245,412124245,0,4486,0,0,34,0,0,4,0,3,2,0,0,1
142,412125963,412130841,4878,2177,0,113,2333,34,16,1,4,0,3,2,0,0,1
0,0,412871460,412871460,0,3420,0,0,34,0,0,4,0,3,2,0,0,1
143,412873005,412877029,4024,2037,0,79,1638,34,16,1,4,0,3,2,0,0,1
0,0,413623397,413623397,0,3480,0,0,34,0,0,4,0,3,2,0,0,1
144,413624919,413628993,4074,2075,0,91,1657,34,16,1,4,0,3,2,0,0,1
0,0,414371878,414371878,0,3424,0,0,34,0,0,4,0,3,2,0,0,1
145,414373314,414381122,7808,2098,0,89,5375,34,16,1,4,0,3,2,0,0,1
0,0,415117836,415117836,0,3461,0,0,34,0,0,4,0,3,2,3,0,1
146,415119274,415123202,3928,2035,0,108,1552,34,16,1,4,0,3,2,0,0,1
0,0,415865533,415865533,0,3414,0,0,34,0,0,4,0,3,2,0,0,1
147,415867061,415871069,4008,2034,0,87,1636,34,16,1,4,0,3,2,0,0,1
0,0,416618878,416618878,0,3992,0,0,34,0,0,4,0,3,2,0,0,1
148,416620520,416625040,4520,2170,0,94,2020,34,16,1,4,0,3,2,0,0,1
0,0,417367529,417367529,0,3405,0,0,34,0,0,4,0,3,2,0,0,1
149,417369000,417372651,3651,1856,0,80,1450,34,16,1,4,0,3,2,0,0,1
0,0,418113193,418113193,0,3442,0,0,34,0,0,4,0,3,2,0,0,1
150,418114749,418119015,4266,2140,0,93,1756,34,16,1,4,0,3,2,0,0,1
0,0,418859405,418859405,0,3422,0,0,34,0,0,4,0,3,2,0,0,1
151,418860933,418865176,4243,2024,0,108,1859,34,16,1,4,0,3,2,0,0,1
0,0,419606456,419606456,0,3454,0,0,34,0,0,4,0,3,2,3,0,1
152,419607933,419612041,4108,2047,0,89,1744,34,16,1,4,0,3,2,0,0,1
0,0,420351203,420351203,0,3438,0,0,34,0,0,4,0,3,2,0,0,1
153,420352716,420356643,3927,2043,0,86,1553,34,16,1,4,0,3,2,0,0,1
0,0,421099029,421099029,0,3526,0,0,34,0,0,4,0,3,2,0,0,1
154,421100629,421104712,4083,2033,0,94,1688,34,16,1,4,0,3,2,0,0,1
0,0,421846588,421846588,0,3382,0,0,34,0,0,4,0,3,2,0,0,1
155,421848048,421851908,3860,2010,0,90,1489,34,16,1,4,0,3,2,0,0,1
0,0,422594881,422594881,0,7379,0,0,34,0,0,4,0,3,2,0,0,1
156,422596463,422600855,4392,2325,0,104,1702,34,16,1,4,0,3,2,0,0,1
0,0,423341288,423341288,0,3818,0,0,34,0,0,4,0,3,2,0,0,1
157,423343295,423348084,4789,2626,0,92,1793,34,16,1,4,0,3,2,0,0,1
0,0,424090022,424090022,0,3512,0,0,34,0,0,4,0,3,2,0,0,1
158,424091585,424095648,4063,2093,0,114,1609,34,16,1,4,0,3,2,0,0,1
0,0,424835126,424835126,0,3446,0,0,34,0,0,4,0,3,2,0,0,1
159,424836563,424840484,3921,2033,0,90,1522,34,16,1,4,0,3,2,0,0,1
0,0,425579559,425579559,0,3461,0,0,34,0,0,4,0,3,2,0,0,1
160,425581105,425585358,4253,2142,0,108,1755,34,16,1,4,0,3,2,0,0,1
0,0,426323653,426323653,0,3363,0,0,34,0,0,4,0,3,2,0,0,1
161,426325093,426329018,3925,2025,0,88,1579,34,16,1,4,0,3,2,0,0,1
0,0,427068141,427068141,0,3535,0,0,34,0,0,4,0,3,2,0,0,1
162,427069706,427073918,4212,2100,0,86,1771,34,16,1,4,0,3,2,0,0,1
0,0,427814261,427814261,0,3478,0,0,34,0,0,4,0,3,2,0,0,1
163,427815776,427819810,4034,2045,0,93,1673,34,16,1,4,0,3,2,0,0,1
0,0,428558714,428558714,0,3503,0,0,34,0,0,4,0,3,2,3,0,1
164,428560125,428563942,3817,2045,0,85,1460,34,16,1,4,0,3,2,0,0,1
0,0,429412528,429412528,0,14273,0,0,34,0,0,4,0,3,2,0,0,1
165,429416188,429425702,9514,2078,0,99,6902,34,16,1,4,0,3,2,0,0,1
0,0,430194585,430194585,0,4239,0,0,34,0,0,4,0,3,2,0,0,1
166,430196040,430200695,4655,1762,0,100,2500,34,16,1,4,0,3,2,0,0,1
0,0,430943492,430943492,0,3514,0,0,34,0,0,4,0,3,2,0,0,1
167,430945037,430949105,4068,1998,0,88,1710,34,16,1,4,0,3,2,0,0,1
0,0,431762299,431762299,0,13726,0,0,34,0,0,4,0,3,2,0,0,1
168,431765713,431775072,9359,2171,0,101,6688,34,16,1,4,0,3,2,0,0,1
0,0,432521994,432521994,0,3585,0,0,34,0,0,4,0,3,2,3,0,1
169,432523445,432528625,5180,1829,0,83,3024,34,16,1,4,0,3,2,0,0,1
0,0,433270450,433270450,0,3555,0,0,34,0,0,4,0,3,2,0,0,1
170,433271865,433276970,5105,2034,0,103,2696,34,16,1,4,0,3,2,0,0,1
0,0,434022409,434022409,0,3474,0,0,34,0,0,4,0,3,2,0,0,1
171,434023940,434027862,3922,1996,0,87,1578,34,16,1,4,0,3,2,0,0,1
0,0,434783976,434783976,0,3565,0,0,34,0,0,4,0,3,2,0,0,1
172,434785476,434789703,4227,2029,0,102,1853,34,16,1,4,0,3,2,0,0,1
0,0,435532794,435532794,0,3641,0,0,34,0,0,4,0,3,2,0,0,1
173,435534251,435538510,4259,2022,0,79,1921,34,16,1,4,0,3,2,0,0,1
0,0,436281482,436281482,0,3378,0,0,34,0,0,4,0,3,2,0,0,1
174,436282972,436290392,7420,1985,0,95,5117,34,16,1,4,0,3,2,0,0,1
0,0,437034109,437034109,0,3458,0,0,34,0,0,4,0,3,2,0,0,1
175,437048693,437052842,4149,2261,0,96,1514,34,16,1,4,0,3,2,0,0,1
0,0,437796571,437796571,0,3483,0,0,34,0,0,4,0,3,2,0,0,1
176,437798040,437802105,4065,2008,0,94,1749,34,16,1,4,0,3,2,0,0,1
0,0,438543303,438543303,0,3395,0,0,34,0,0,4,0,3,2,0,0,1
177,438544844,438549234,4390,2092,0,105,1957,34,16,1,4,0,3,2,0,0,1
0,0,439396661,439396661,0,14196,0,0,34,0,0,4,0,3,2,0,0,1
178,439400171,439409726,9555,2021,0,90,7072,34,16,1,4,0,3,2,0,0,1
0,0,440207671,440207671,0,7941,0,0,34,0,0,4,0,3,2,0,0,1
179,440210152,440217773,7621,1907,0,107,5277,34,16,1,4,0,3,2,0,0,1
0,0,440984334,440984334,0,7173,0,0,34,0,0,4,0,3,2,0,0,1
180,440986540,440993254,6714,2131,0,99,4185,34,16,1,4,0,3,2,0,0,1
0,0,441796592,441796592,0,43050,0,0,34,0,0,4,0,3,2,0,0,1
181,441798584,441805006,6422,2219,0,84,3829,34,16,1,4,0,3,2,0,0,1
0,0,442621594,442621594,0,14420,0,0,34,0,0,4,0,3,2,0,0,1
182,442625126,442634844,9718,2135,0,99,7118,34,16,1,4,0,3,2,0,0,1
0,0,443390180,443390180,0,5647,0,0,34,0,0,4,0,3,2,0,0,1
183,443391974,443398663,6689,1888,0,91,4443,34,16,1,4,0,3,2,0,0,1
0,0,444278611,444278611,0,30484,0,0,34,0,0,4,0,3,2,0,0,1
184,444282146,444292184,10038,2057,0,100,7504,34,16,1,4,0,3,2,0,0,1
0,0,445056596,445056596,0,6030,0,0,34,0,0,4,0,3,2,0,0,1
185,445058469,445064908,6439,1769,0,111,4260,34,16,1,4,0,3,2,0,0,1
0,0,445992747,445992747,0,13405,0,0,34,0,0,4,0,3,2,0,0,1
186,445996237,446005628,9391,2134,0,88,6813,34,16,1,4,0,3,2,0,0,1
0,0,446769510,446769510,0,5791,0,0,34,0,0,4,0,3,2,0,0,1
187,446771413,446776872,5459,1767,0,90,3291,34,16,1,4,0,3,2,0,0,1
0,0,447545520,447545520,0,7239,0,0,34,0,0,4,0,3,2,0,0,1
188,447548447,447555971,7524,2965,0,103,4059,34,16,1,4,0,3,2,0,0,1
0,0,448318856,448318856,0,4267,0,0,34,0,0,4,0,3,2,0,0,1
189,448320641,448325376,4735,1965,0,115,2416,34,16,1,4,0,3,2,0,0,1
0,0,449081885,449081885,0,4698,0,0,34,0,0,4,0,3,2,0,0,1
190,449083704,449088110,4406,1965,0,106,2094,34,16,1,4,0,3,2,0,0,1
0,0,449831701,449831701,0,3517,0,0,34,0,0,4,0,3,2,0,0,1
191,449833281,449837393,4112,1930,0,108,1840,34,16,1,4,0,3,2,0,0,1
0,0,450579112,450579112,0,3567,0,0,34,0,0,4,0,3,2,0,0,1
192,450580667,450584801,4134,2045,0,101,1731,34,16,1,4,0,3,2,0,0,1
0,0,451325494,451325494,0,3450,0,0,34,0,0,4,0,3,2,0,0,1
193,451327093,451331650,4557,1949,0,117,2234,34,16,1,4,0,3,2,0,0,1
0,0,452073124,452073124,0,3491,0,0,34,0,0,4,0,3,2,0,0,1
194,452074694,452079008,4314,1992,0,119,1960,34,16,1,4,0,3,2,0,0,1
0,0,452829727,452829727,0,4721,0,0,34,0,0,4,0,3,2,0,0,1
195,452831833,452837256,5423,2838,0,113,2125,34,16,1,4,0,3,2,0,0,1
0,0,453585728,453585728,0,3640,0,0,34,0,0,4,0,3,2,0,0,1
196,453587267,453591463,4196,2052,0,97,1774,34,16,1,4,0,3,2,0,0,1
0,0,454333867,454333867,0,3500,0,0,34,0,0,4,0,3,2,0,0,1
197,454335431,454339641,4210,1954,0,87,1894,34,16,1,4,0,3,2,0,0,1
0,0,455079293,455079293,0,3448,0,0,34,0,0,4,0,3,2,0,0,1
198,455080888,455085186,4298,2090,0,106,1843,34,16,1,4,0,3,2,0,0,1
0,0,455826367,455826367,0,3452,0,0,34,0,0,4,0,3,2,0,0,1
199,455827872,455832093,4221,1998,0,98,1862,34,16,1,4,0,3,2,0,0,1
0,0,456572899,456572899,0,3357,0,0,34,0,0,4,0,3,2,0,0,1
200,456574534,456578631,4097,2051,0,127,1630,34,16,1,4,0,3,2,0,0,1
0,0,457318202,457318202,0,3402,0,0,34,0,0,4,0,3,2,0,0,1
